player_id,player_name,split,log_aav_cap_share,rf_default,gb_default,rf_tuned,gb_tuned
abrinal01,Álex Abrines,train,-2.798518,-3.3803192400000004,-4.195727796185583,-3.8446709738625566,-4.2649110705682105
achiupr01,Precious Achiuwa,test,-3.411014,-2.8222572400000003,-3.0953773423974402,-2.9515638137998867,-3.087135071267639
acyqu01,Quincy Acy,train,-4.233607,-3.9863397600000026,-3.598281864110074,-3.8645476601037836,-3.6542093061996646
acyqu01,Quincy Acy,train,-4.43596,-4.146975900000005,-3.6979044959345893,-4.079581874858272,-3.6243675373454383
acyqu01,Quincy Acy,train,-4.036443,-3.9650713800000035,-3.9180538136485765,-3.9573312227256228,-3.866233823273424
adamsst01,Steven Adams,train,-1.377183,-1.548564390000001,-1.7654781634021726,-1.6585100183004553,-1.829831615941594
adamsst01,Steven Adams,train,-1.830431,-2.1923069400000017,-2.1544439870913794,-1.9893084051933085,-2.281758083505651
adamsst01,Steven Adams,val,-2.379112,-2.6258310399999996,-2.3875952223062806,-2.2837392675799304,-2.382105381075093
adamsst01,Steven Adams,test,-2.571506,-2.831442739999998,-2.6266557924997698,-2.7671594911011144,-2.5040234458054114
adebaba01,Bam Adebayo,train,-1.237876,-1.2958475400000002,-1.2398802564570617,-1.2771501522175837,-1.2152927384290015
adebaba01,Bam Adebayo,test,-1.062461,-1.32834092,-1.4552533104485048,-1.3182974164942265,-1.3849841296492447
afflaar01,Arron Afflalo,train,-2.169054,-2.1824325599999965,-2.2470589515623063,-2.2488068845963225,-2.276514429595029
afflaar01,Arron Afflalo,train,-2.019086,-2.098663639999997,-2.170289444801319,-2.172520932954597,-2.2011350203324063
ajincal01,Alexis Ajinça,train,-2.679879,-2.545011919999999,-2.6136860485290816,-2.5880924777811805,-2.572346921406021
aldamsa01,Santi Aldama,test,-2.178944,-1.9956335999999997,-2.0289373734934912,-2.1156887681904775,-2.0198103264574083
aldrico01,Cole Aldrich,train,-4.095774,-3.946112790000003,-3.9066934198209835,-3.8417556526366186,-3.8270658025112136
aldrico01,Cole Aldrich,train,-2.556941,-2.609141969999998,-2.6788251292372705,-2.608687810312926,-2.676218755462196
aldrila01,LaMarcus Aldridge,train,-1.202783,-1.2359361799999986,-1.2379396453014855,-1.2538841340986409,-1.2556608266594822
aldrila01,LaMarcus Aldridge,train,-1.404812,-1.4944709100000009,-1.4819429207810866,-1.4849468683475042,-1.4951781193133766
alexani01,Nickeil Alexander-Walker,val,-3.408732,-3.9271213100000018,-3.82657572869698,-3.8772160381111047,-3.7730900242844716
alexani01,Nickeil Alexander-Walker,test,-2.300305,-2.19666454,-2.3021725286412527,-2.1886602431604327,-2.1782704239051798
allengr01,Grayson Allen,test,-2.178944,-1.7085942099999991,-1.672783192191941,-1.6721016779261484,-1.6109390630487757
allenja01,Jarrett Allen,train,-1.726456,-1.7588216000000025,-1.6672970031158159,-1.7728634760289144,-1.6799815929368225
allenja01,Jarrett Allen,test,-1.63198,-1.340001,-1.3816638479132957,-1.3904898617124306,-1.4430450765145488
allenla01,Lavoy Allen,train,-2.85597,-2.9413762800000054,-3.1909147342153705,-3.078921545820605,-3.228574844222558
alvarjo01,Jose Alvarado,test,-3.537068,-3.0515207399999995,-3.065272609124515,-3.1136814110856057,-3.0499020142359257
alvarjo01,Jose Alvarado,test,-3.569229,-2.83716462,-2.903699075824076,-2.9004434414405798,-2.9724102613795815
aminual01,Al-Farouq Aminu,train,-4.104945,-3.702937889999995,-3.272465602177453,-3.565956742299318,-3.205594451751154
aminual01,Al-Farouq Aminu,train,-2.233592,-2.275199799999997,-2.3009659560215545,-2.2635315263509055,-2.277716598382981
aminual01,Al-Farouq Aminu,train,-2.417075,-2.4040965500000033,-2.2507156124382632,-2.35261268495635,-2.2883765115399837
anderal01,Alan Anderson,train,-3.881802,-3.696624999999996,-3.690634985116538,-3.6043838793924405,-3.654019485877018
anderch01,Chris Andersen,train,-2.497914,-2.6743002500000013,-2.8658963073539683,-2.662456349992061,-2.9680427239408065
anderju01,Justin Anderson,train,-3.856453,-3.7998611999999947,-3.939492114151705,-3.850299643540809,-3.964232042363251
anderju01,Justin Anderson,train,-3.996987,-3.9762999399999956,-3.962635599961947,-3.9593518479231555,-4.053383821705677
anderky01,Kyle Anderson,train,-4.030837,-3.839019260000002,-3.854215956719432,-3.8336460095388314,-3.8389961698357356
anderky01,Kyle Anderson,train,-2.393673,-2.2685969000000035,-2.0378489326694025,-2.2547629566377587,-2.016139318194446
anderky01,Kyle Anderson,val,-2.620271,-2.7711652300000003,-2.6849231583469133,-2.7048245197346943,-2.75568410438208
anderky01,Kyle Anderson,test,-2.724459,-2.4436294499999995,-2.404617381972375,-2.478269910865648,-2.4204523410052405
anderry01,Ryan Anderson,train,-1.549083,-1.7022018599999995,-1.7165078021487046,-1.6778867015804995,-1.70378600749555
antetgi01,Giannis Antetokounmpo,train,-1.377183,-1.4319902800000008,-1.3423368267216849,-1.4246470640442706,-1.3473527458654686
antetgi01,Giannis Antetokounmpo,train,-0.901404,-1.0044075199999996,-0.9922456764764785,-0.986611452855288,-1.0234889976372137
antetgi01,Giannis Antetokounmpo,val,-0.877548,-1.0315032299999998,-1.0050239328120403,-1.0410053711536291,-1.0571911174728115
antetth01,Thanasis Antetokounmpo,train,-4.60517,-4.553984639999993,-4.238245418700346,-4.340432840187637,-4.266694270052057
antetth01,Thanasis Antetokounmpo,train,-4.238376,-4.176095050000002,-4.210977047271287,-4.117226653094662,-4.166716898699819
antetth01,Thanasis Antetokounmpo,train,-4.131628,-4.047301829999996,-4.438505025063795,-4.036142660901403,-4.315178055447217
anthoca01,Carmelo Anthony,train,-0.932516,-0.9842903400000015,-1.0984960454553512,-1.0283168467288706,-1.1551794986056558
anthoco01,Cole Anthony,val,-2.378323,-1.9895660200000003,-1.9306455496603885,-2.1025957408588427,-1.9636807722429048
anunoog01,OG Anunoby,train,-1.831817,-1.9237566100000008,-2.0073485315954476,-1.927502861790816,-2.020508827269733
anunoog01,OG Anunoby,test,-1.19633,-1.8312152499999994,-1.9013517422004877,-1.8744096366870726,-1.858892289023256
arcidry01,Ryan Arcidiacono,train,-4.873319,-4.828366709999996,-4.635870337893568,-4.789463880126412,-4.577612994685577
arcidry01,Ryan Arcidiacono,train,-3.594019,-3.4872655800000016,-3.4127084174825226,-3.401395480459134,-3.4170398463062974
arizatr01,Trevor Ariza,train,-2.064724,-1.9225881700000025,-1.7616704087773825,-1.9081385623611113,-1.7445499079955988
arizatr01,Trevor Ariza,train,-2.166903,-2.166290759999998,-2.2685043129143896,-2.240471307592919,-2.2155930116496596
arthuda01,Darrell Arthur,train,-3.192443,-3.3365418600000023,-3.340006106432951,-3.250276886150538,-3.2811250457062373
asikom01,Ömer Aşık,train,-1.79749,-1.8397274700000017,-1.956456536751054,-1.8920782191972778,-1.9628105369798448
augusdj01,D.J. Augustin,train,-3.045554,-2.857911600000001,-2.832036430892014,-2.8618264488996616,-2.717264593914593
augusdj01,D.J. Augustin,train,-2.563813,-2.483677460000003,-2.4363159514736132,-2.5429108964047566,-2.39009270867039
augusdj01,D.J. Augustin,train,-2.746721,-2.6940338000000015,-2.726871657155957,-2.7433760162874203,-2.684964921711974
avdijde01,Deni Avdija,val,-2.324795,-2.1519229800000006,-1.9842834348398155,-2.1964685765572574,-1.9213788134121503
aytonde01,Deandre Ayton,val,-1.313967,-1.46586033,-1.348804037412664,-1.4668545270714288,-1.3879211947855161
aytonde01,Deandre Ayton,test,-2.948664,-2.3940332500000006,-2.481576231548862,-2.3644408137377844,-2.360285682172128
babbilu01,Luke Babbitt,train,-4.095774,-4.059195660000002,-3.8308361774824453,-3.9953348413758416,-3.8829140620829024
bacondw01,Dwayne Bacon,train,-4.357042,-4.347426429999998,-4.315814870249454,-4.339869884466557,-4.328561177988255
bacondw01,Dwayne Bacon,train,-4.133016,-4.110623119999999,-4.2286194085777105,-4.112802754853741,-4.28590187677235
baglema01,Marvin Bagley III,val,-2.291767,-2.71992291,-2.9074312919150436,-2.6921012016060066,-2.8196208577004573
bakerro01,Ron Baker,train,-3.106531,-3.452099629999999,-3.7426114153697805,-3.729489276022108,-4.155514424695717
ballla01,LaMelo Ball,val,-1.237887,-1.3027579999999999,-1.3039082112189266,-1.4281963267083078,-1.3158444946163068
balllo01,Lonzo Ball,train,-1.726456,-1.7554045100000022,-1.6745336879705286,-1.7603231763061225,-1.658593076989345
balllo01,Lonzo Ball,test,-2.83387,-3.1419962800000008,-2.8440620423273906,-2.9762265674818575,-2.934343590132015
bambamo01,Mo Bamba,val,-2.485352,-2.9791312299999992,-2.854469885908402,-2.772722086434805,-2.8570873002862474
bambamo01,Mo Bamba,test,-3.854134,-3.6492608899999976,-3.587380273773137,-3.4942645533815226,-3.717650112385618
bantoda01,Dalano Banton,train,-4.503053,-4.330993780000004,-4.0412755273964605,-4.356726457875276,-4.01985285563451
bantoda01,Dalano Banton,val,-4.166121,-4.092194190000002,-4.069150978909496,-4.078752459049316,-3.9900730029436353
barbole01,Leandro Barbosa,train,-3.158521,-3.137915280000001,-3.2091775726169502,-3.1506892969699547,-3.2500191532936724
bareajo01,J.J. Barea,train,-2.862201,-2.7010735500000003,-2.833317194612741,-2.773545182295919,-2.728418450691154
bargnan01,Andrea Bargnani,train,-3.873489,-3.6808178900000024,-3.2874255640255035,-3.3574947321158004,-3.300448659893855
barneha02,Harrison Barnes,train,-1.383568,-1.6080238499999984,-1.7111068850726971,-1.6449584914204287,-1.7688203047231958
barneha02,Harrison Barnes,train,-1.636275,-1.704860700000001,-1.6525071474366728,-1.6934219705085027,-1.688025470926204
barneha02,Harrison Barnes,val,-2.055462,-1.7388496699999996,-1.6278814798249723,-1.7787434138212224,-1.671639147553026
barnema02,Matt Barnes,train,-2.732436,-2.7148381900000014,-2.841111387358183,-2.7350943203475038,-2.8703839740828063
bartowi01,Will Barton,train,-2.986254,-3.368259299999997,-3.494772841127457,-3.2788572643316254,-3.463894879035042
bartowi01,Will Barton,train,-2.03969,-1.92482796,-1.6110911989894388,-1.8849925943441057,-1.6523141837323303
bartowi01,Will Barton,train,-2.014138,-2.1287317000000012,-2.2530365779294965,-2.176915728791948,-2.2890087979876768
bassbr01,Brandon Bass,train,-3.127632,-2.8974508500000025,-2.7814767233959334,-2.853054772706348,-2.7529877616309113
bassech01,Charles Bassey,train,-4.357545,-4.351694580000003,-4.332244561346738,-4.342979307147297,-4.336078253803096
bateske01,Keita Bates-Diop,train,-4.361323,-4.399231650000008,-4.315823407444096,-4.390966248052781,-4.335828150419989
bateske01,Keita Bates-Diop,train,-4.131628,-4.1020633399999955,-3.934733667897652,-4.0495284119676915,-3.9386141176898737
bateske01,Keita Bates-Diop,val,-3.996519,-3.4017462999999997,-3.664102741309587,-3.371145673445582,-3.5278750559175864
batumni01,Nicolas Batum,train,-1.366761,-1.405128639999999,-1.381003918791534,-1.4204061336512053,-1.4153572015839349
batumni01,Nicolas Batum,train,-3.543533,-3.3832566100000014,-2.996821692765494,-3.1488320394676834,-2.868382884239344
batumni01,Nicolas Batum,val,-2.394908,-2.9858061300000016,-2.977974169094962,-2.869201586136057,-2.8804316383176816
batumni01,Nicolas Batum,test,-3.377218,-3.04462546,-2.90351021008239,-2.9190423673395673,-2.9883502617148974
batumni01,Nicolas Batum,test,-3.293686,-3.025663900000002,-2.8969800458723776,-2.9405831413475068,-3.026499875955987
bayleje01,Jerryd Bayless,train,-3.045554,-3.061530640000002,-3.1666177308611645,-3.0931798463475038,-3.1142016506169146
baynear01,Aron Baynes,train,-2.376693,-2.5197678299999975,-2.5262896716950305,-2.5645069704548002,-2.616450903456702
baynear01,Aron Baynes,train,-2.955981,-3.034343020000002,-2.993415018804458,-3.057692475267572,-3.116810485930966
baynear01,Aron Baynes,train,-2.722029,-2.81786734,-2.917289799868153,-2.8383800912670094,-2.908106326017606
bazemke01,Kent Bazemore,train,-3.451019,-3.690173479999996,-4.091901557822628,-3.7317509469676855,-4.091252097662528
bazemke01,Kent Bazemore,train,-1.682614,-1.8241884400000004,-2.0050002696049143,-1.860495052059369,-2.0198181703161158
bealbr01,Bradley Beal,train,-1.308492,-1.4210125500000006,-1.6238404019350787,-1.5017018984467112,-1.5910006094520586
bealbr01,Bradley Beal,train,-1.135285,-1.1642915199999997,-1.312225380346538,-1.2028306980964254,-1.3210623265250967
bealbr01,Bradley Beal,val,-0.901401,-1.39296325,-1.6233745972407203,-1.6117667692496904,-1.5916960889249026
bealbr01,Bradley Beal,test,-3.338217,-2.1072570599999993,-2.193398832186919,-2.232195140614255,-2.151188421365516
beaslma01,Malik Beasley,train,-1.984581,-2.0833954899999996,-2.246145710800763,-2.1779841878380073,-2.281783651019744
belinma01,Marco Belinelli,train,-2.831928,-2.881411330000002,-2.8288449483486655,-2.808984444291385,-2.9028703887959186
belljo01,Jordan Bell,train,-4.505304,-4.4596170800000055,-4.445675528802304,-4.507055774504266,-4.4538349104451616
bembrde01,DeAndre' Bembry,train,-4.077446,-4.007056000000003,-4.219109504069568,-3.9560597426439834,-4.115204785395923
bendedr01,Dragan Bender,train,-4.133016,-4.151236149999999,-4.235455798423117,-4.082837461356583,-4.232902818570045
bertada01,Dāvis Bertāns,train,-2.642686,-2.9306027199999996,-3.2250078340771973,-2.9414057782318612,-3.2809597135091364
bertada01,Dāvis Bertāns,train,-1.920043,-1.9359956899999997,-1.8892463108405424,-1.9256336014645454,-1.9063633835987364
beverpa01,Patrick Beverley,train,-2.499295,-2.3123953799999972,-1.979543010822548,-2.2875062205157195,-2.10751228444235
beverpa01,Patrick Beverley,train,-2.102364,-2.159879459999997,-2.447315372958793,-2.239161905441046,-2.4368785215139637
beysa01,Saddiq Bey,test,-3.100007,-1.9579611499999996,-1.88796959751874,-1.9943452009467115,-1.9755001140314108
birchkh01,Khem Birch,train,-4.537209,-4.496420130000005,-4.354163665271772,-4.46429378974702,-4.3095493702911645
birchkh01,Khem Birch,train,-3.594019,-3.5427582400000017,-3.4592212416833696,-3.4854750701824826,-3.4737519123509313
birchkh01,Khem Birch,train,-2.825068,-2.7337693299999968,-2.5515470129291398,-2.7407097450630786,-2.548556212631674
bitadgo01,Goga Bitadze,test,-2.82557,-2.8416074899999995,-2.742521905279597,-2.756955207347246,-2.754737696218614
biyombi01,Bismack Biyombo,train,-3.192443,-3.269784270000001,-2.8982092094297873,-3.1395986045895694,-2.9539736604447633
biyombi01,Bismack Biyombo,train,-1.654443,-1.7035293099999975,-1.8443301793689904,-1.826592312558388,-1.9141848063924978
bjeline01,Nemanja Bjelica,train,-2.701875,-2.7115693199999997,-2.752554639657235,-2.700106163671766,-2.7728898223097094
blackta01,Tarik Black,train,-4.537209,-4.4956082300000055,-4.354163665271772,-4.412847378872557,-4.286483116429536
blackta01,Tarik Black,train,-2.684618,-3.151362220000001,-3.3222691756067935,-3.2811968144784576,-3.7764723986159128
blakean01,Antonio Blakeney,train,-4.252124,-4.272018129999995,-4.214011018038835,-4.283060942356782,-4.313067464901686
blakest01,Steve Blake,train,-3.390394,-3.2508437799999994,-3.1703413005389622,-3.2500554144092932,-3.226538992209037
bledser01,Eric Bledsoe,train,-1.609438,-1.5911799400000008,-1.6776314902332081,-1.5884407304489787,-1.606712233895894
bledser01,Eric Bledsoe,train,-1.830431,-1.717504760000002,-1.6362534087593519,-1.7266455875317446,-1.5942176663216863
bogdabo01,Bogdan Bogdanović,train,-2.398834,-2.7610389799999977,-3.4667884726062512,-3.291800207486962,-3.503017087049089
bogdabo01,Bogdan Bogdanović,train,-1.80226,-1.8569857999999981,-1.7351657319936336,-1.8569857779676853,-1.802474633122326
bogdabo01,Bogdan Bogdanović,val,-2.11262,-1.89281341,-1.8258290246928597,-1.9267208876207473,-1.7927290120236956
bogdabo02,Bojan Bogdanović,train,-2.910634,-3.3270974999999994,-4.038558035861712,-3.4039895607628274,-4.08922349557909
bogdabo02,Bojan Bogdanović,train,-2.244684,-2.403416310000003,-2.6768090317543116,-2.4774510425034038,-2.5928297554354427
bogdabo02,Bojan Bogdanović,train,-1.787097,-1.7219071599999987,-1.64592442370699,-1.7096408377908183,-1.6025138452342131
bogdabo02,Bojan Bogdanović,val,-1.941626,-1.9501520700000001,-1.78127770076973,-1.8657964655612247,-1.7498996630021317
bogutan01,Andrew Bogut,train,-1.659259,-1.8724012299999993,-2.0524859112894465,-2.0137382643832193,-2.1165607665372903
bolbo01,Bol Bol,val,-4.029038,-4.2128059800000015,-4.456348757039766,-4.235963467828485,-4.333367637393598
boldejo01,Jonah Bolden,train,-4.064072,-4.128162970000004,-4.032241382728549,-4.134946622293645,-4.065057158713267
bonaad01,Adem Bona,test,-4.265265,-4.379558900000002,-4.146582148221379,-4.300471346272015,-4.109055194238708
bongais01,Isaac Bonga,train,-4.316203,-4.3988953999999945,-4.3327100046297575,-4.366829970420896,-4.28144230924931
bookede01,Devin Booker,train,-3.471467,-3.561948150000001,-3.689565843987631,-3.528223016049319,-3.691350390864783
bookede01,Devin Booker,train,-1.237893,-1.3261094100000002,-1.3612047050425613,-1.3783743382814366,-1.3816393836592753
bookede01,Devin Booker,val,-0.903478,-1.0547844199999998,-0.9544435691363089,-1.0925336035680793,-1.0190443960548898
bookede01,Devin Booker,test,-0.943548,-1.30669435,-1.4224353967954726,-1.3936142361292525,-1.4069784238431096
booketr01,Trevor Booker,train,-2.556974,-2.671115099999999,-2.8966111621806867,-2.7011542311842405,-2.9162288728914465
booketr01,Trevor Booker,train,-2.320191,-2.5550852799999983,-2.870751653120963,-2.608049540978455,-2.9344467242382635
bouchch01,Chris Boucher,train,-2.783089,-2.879222579999998,-2.9281018744155727,-2.9387868175281397,-3.1724237095435166
bouchch01,Chris Boucher,val,-2.353642,-2.6691762299999997,-2.2644652276804216,-2.48184733206839,-2.37458991401735
bradlav01,Avery Bradley,train,-2.064724,-2.111611960000002,-2.0918224141198176,-2.136979708862809,-2.155757063972005
bradlav01,Avery Bradley,train,-2.09956,-2.217794969999998,-2.3362993979756568,-2.3105786344654176,-2.2953558013677675
bradlav01,Avery Bradley,train,-3.106462,-3.241111599999999,-3.231792877590147,-3.126425095764326,-3.2756242454428075
bradlto01,Tony Bradley,train,-4.072471,-3.8409759900000027,-3.887237276060907,-3.7529020459302775,-3.7135304440792325
brazdig01,Ignas Brazdeikis,train,-4.506152,-4.506641579999992,-4.3804826572594004,-4.459516878027205,-4.332139457382595
breweco01,Corey Brewer,train,-2.194372,-2.243932399999997,-2.454640501238866,-2.230914466033446,-2.4178797085145223
bridgmi01,Mikal Bridges,test,-1.512114,-1.57943979,-1.4635708341988913,-1.5560200032792701,-1.4414664710653315
bridgmi02,Miles Bridges,test,-1.726958,-1.6112835000000003,-1.905563456233167,-1.8437263306184777,-1.9024375764476436
briscis01,Isaiah Briscoe,train,-4.219891,-4.28139242,-4.291615432475925,-4.247652366094517,-4.207032362456469
brissos01,Oshae Brissett,val,-4.0734,-3.541408420000002,-3.662282069162688,-3.575692023882653,-3.600940026363703
broekry01,Ryan Broekhoff,train,-4.50147,-4.343739529999997,-4.224964762949619,-4.304277852125845,-4.321223958622965
brogdma01,Malcolm Brogdon,train,-1.636275,-1.6950601000000005,-1.684542240928328,-1.7087443913713662,-1.7057710277803424
brogdma01,Malcolm Brogdon,train,-1.70398,-1.646346480000001,-1.671129082103666,-1.7382382630691628,-1.6551933270378474
brookar01,Armoni Brooks,train,-4.134402,-4.221928760000004,-4.168703669518139,-4.048868307772105,-4.067889826643743
brookdi01,Dillon Brooks,train,-2.265453,-2.362763890000002,-2.2014282207396825,-2.328239951851477,-2.3515236224895797
brookdi01,Dillon Brooks,val,-1.844756,-2.1166343199999984,-2.0243212680643747,-2.162817548426302,-2.0615839922503354
brownan02,Anthony Brown,train,-4.39545,-4.4254752099999966,-4.309730207512948,-4.329349257465416,-4.262793536128383
brownan02,Anthony Brown,train,-4.678346,-4.591138009999995,-4.512456888113719,-4.511909888647954,-4.489323478875035
brownbr01,Bruce Brown,train,-4.348584,-4.278485900000003,-4.002531422378841,-4.295413791786848,-4.010569387404529
brownbr01,Bruce Brown,val,-2.924383,-3.05193262,-3.035273065836371,-2.8953040233809544,-2.89055746471587
brownbr01,Bruce Brown,val,-1.799294,-2.8553118899999976,-2.695671858535637,-2.74395860669104,-2.73534512302556
browngr01,Greg Brown III,train,-4.357545,-4.361817630000003,-4.361515146686342,-4.364820805662128,-4.350387787425513
brownja02,Jaylen Brown,train,-1.412661,-1.6651301800000011,-1.6430865714569451,-1.693736686812926,-1.738924687489933
brownja02,Jaylen Brown,val,-0.901415,-1.1803988099999996,-1.1427419733024045,-1.2371123103037003,-1.1839752284075353
brownma02,Markel Brown,train,-4.537209,-4.3990441200000046,-4.252803007415804,-4.306967575216926,-4.203831504383499
brownst02,Sterling Brown,train,-4.35967,-4.346282439999997,-4.344870507755983,-4.354600155281183,-4.3480292607373805
brownst02,Sterling Brown,train,-3.623576,-3.542710980000004,-3.474278420850346,-3.586265967884301,-3.3944074114817697
browntr01,Troy Brown Jr.,val,-3.526515,-3.240612759999999,-3.372761682324032,-3.256566120844158,-3.3178585700825445
brunsja01,Jalen Brunson,train,-4.195157,-4.226265119999997,-4.189600017436007,-4.2343244872199515,-4.16729284331698
brunsja01,Jalen Brunson,val,-1.559399,-1.7221902199999997,-1.604966146255789,-1.6968582660400937,-1.6390252438707098
brunsja01,Jalen Brunson,test,-1.374383,-1.1029633799999998,-1.0933093993756116,-1.1763861243077212,-1.1332946846438408
brussni01,Nicolás Brussino,train,-4.727136,-4.70141286999999,-4.502487668125819,-4.670873606552816,-4.47892821340065
bryanko01,Kobe Bryant,train,-0.966112,-1.000016479999999,-1.1431844133514002,-1.064402043994899,-1.3160238362565726
bryanth01,Thomas Bryant,train,-4.505304,-4.466031030000005,-4.393775536508072,-4.452761514057252,-4.301878331278103
bryanth01,Thomas Bryant,train,-2.572368,-2.513388390000003,-2.4226198792574327,-2.5662881067367005,-2.5450527442536917
bryanth01,Thomas Bryant,val,-3.925129,-2.9530062900000003,-3.2545769380945755,-3.012703732183827,-3.188189445830186
bullore01,Reggie Bullock,train,-3.679768,-3.792353270000004,-3.889363628706243,-3.800627987125848,-3.8768394414492136
bullore01,Reggie Bullock,train,-3.281644,-3.218488450000001,-3.0663509694940525,-3.1609430091632658,-3.073610153821191
bullore01,Reggie Bullock,train,-2.418271,-2.4212186900000017,-2.4741601409582574,-2.398731364328798,-2.415818396507145
burketr01,Trey Burke,train,-4.361323,-3.7622373900000046,-3.727917771121893,-3.659099254508501,-3.4457773752170304
burketr01,Trey Burke,train,-3.545229,-3.2959464600000046,-3.42995975430256,-3.3049751429416108,-3.2583377856373414
burksal01,Alec Burks,train,-1.89712,-1.8833405200000006,-1.778431124023888,-1.9215497007653053,-1.819612902607771
burksal01,Alec Burks,train,-2.419603,-2.2930095499999976,-2.364386634583471,-2.3500202710589577,-2.3013566046448646
butleja02,Jared Butler,train,-4.503053,-4.465096620000006,-4.451423498531663,-4.439452787646821,-4.386618501460391
butleji01,Jimmy Butler,train,-1.628884,-1.5181708600000006,-1.3422697632662615,-1.4523923755691603,-1.3660689455729929
butleji01,Jimmy Butler,train,-1.131656,-1.1709385100000018,-1.2291827040571763,-1.184170014311688,-1.240482500420201
butleji01,Jimmy Butler,train,-0.929765,-1.0410860200000018,-1.07040276704755,-1.0563768174217674,-1.1736834815452697
butleji01,Jimmy Butler,test,-1.120433,-1.5300991700000008,-1.458788687694674,-1.3926454966695003,-1.4479036175181843
cabocbr01,Bruno Caboclo,train,-3.74539,-3.598176759999996,-3.5765344778539148,-3.529585204688216,-3.57517523775192
cabocbr01,Bruno Caboclo,train,-4.522889,-4.165727880000005,-4.268933713317152,-4.262616787840128,-4.2355805964958195
caldwke01,Kentavious Caldwell-Pope,train,-2.577581,-2.688434310000003,-2.7629292282327462,-2.72311235478855,-2.797293493493457
caldwke01,Kentavious Caldwell-Pope,train,-2.125121,-2.3203862200000023,-2.417074651922037,-2.3033290709615515,-2.4901131697687515
caldwke01,Kentavious Caldwell-Pope,val,-2.199772,-2.3880128200000006,-2.2609324043587256,-2.336384703372448,-2.246078757393146
caldwke01,Kentavious Caldwell-Pope,test,-1.854791,-2.28601672,-2.260162753672929,-2.2546293062658718,-2.278117744410512
camarto01,Toumani Camara,val,-4.265706,-4.37036676,-4.144209438089339,-4.281670859488572,-4.101175941885205
camarto01,Toumani Camara,test,-2.1283,-1.8947388,-1.8464715070944842,-1.9119141832307267,-1.7987313990709646
campafa01,Facundo Campazzo,train,-3.380253,-3.6783957899999984,-4.153185022199503,-3.762665076149448,-4.320947600261804
canaais01,Isaiah Canaan,train,-4.496025,-4.054284699999994,-3.9321734424098818,-3.9426662914002306,-3.7376702460395723
cancavl01,Vlatko Čančar,train,-4.356159,-4.300416589999997,-4.2181272808816255,-4.2307261436609975,-4.262467203337931
cancavl01,Vlatko Čančar,val,-3.996248,-4.10407175,-4.265717145436613,-4.0836578148347265,-4.185787749508971
capelca01,Clint Capela,train,-3.949422,-3.5881839700000016,-3.765644239925376,-3.5647480365374538,-3.69600361331472
capelca01,Clint Capela,train,-1.69425,-1.8921815400000008,-1.7843926396124847,-1.741655875737372,-1.800289189913721
capelca01,Clint Capela,test,-3.090011,-2.4745982099999995,-2.2542394169707505,-2.4684109488635855,-2.227200054713946
carrode01,DeMarre Carroll,train,-1.574347,-1.6379623699999994,-1.6620135708129895,-1.6400748079478453,-1.6971652605133807
carrode01,DeMarre Carroll,train,-2.341256,-2.4656728899999956,-2.6395049626036253,-2.4824583046621305,-2.6679557624641794
carteje01,Jevon Carter,train,-3.348897,-3.382882750000002,-3.451010147154837,-3.507080555578285,-3.5765825227659276
carteje01,Jevon Carter,val,-4.042768,-3.53814502,-3.7664915347256165,-3.6383246667448947,-3.6970872603848144
carteje01,Jevon Carter,val,-3.041007,-2.6884107299999997,-2.9230308631698234,-2.625675852922696,-2.8423919798013384
cartemi01,Michael Carter-Williams,train,-3.498709,-3.4357647900000012,-3.2806417607954814,-3.330967005006133,-3.291113723653261
cartevi01,Vince Carter,train,-2.757872,-2.6904388499999983,-2.5956588177107656,-2.633229601573129,-2.56466794115331
cartewe01,Wendell Carter Jr.,train,-2.291767,-2.0986321999999986,-1.9205119749705193,-2.123746960071639,-1.9621752397185674
cartewe01,Wendell Carter Jr.,test,-2.06817,-2.1817283100000004,-2.1394834489400028,-2.157861207248297,-2.1053265445489298
carusal01,Alex Caruso,train,-3.681031,-3.718251200000003,-3.779074891681893,-3.6525523715039747,-3.7180651436780368
carusal01,Alex Caruso,train,-2.497565,-2.454094410000002,-2.3189755450241876,-2.5053392167267554,-2.4332747930073166
carusal01,Alex Caruso,test,-2.031757,-2.2111193300000007,-2.078629883320904,-2.1877915847239233,-2.056636885060522
casspom01,Omri Casspi,train,-3.149883,-3.1409209099999966,-3.0929570356730256,-3.1430747783633803,-3.1695081289222693
caulewi01,Willie Cauley-Stein,train,-3.002901,-2.988637520000002,-3.4783585967821797,-3.1944827325935363,-3.441450818797291
caulewi01,Willie Cauley-Stein,train,-3.89063,-3.444005989999996,-3.2496884852964607,-3.2397985542885435,-3.0656121644013967
caulewi01,Willie Cauley-Stein,train,-3.281644,-3.215300840000002,-3.2078192841727873,-3.2469402802879785,-3.2132612062853743
cavanty01,Tyler Cavanaugh,train,-4.5665,-4.583499830000006,-4.512721220203364,-4.531111073211555,-4.497060570196243
chalmma01,Mario Chalmers,train,-2.721058,-2.7608842100000004,-2.8048353385997835,-2.7006223805997704,-2.773892416575027
champju02,Julian Champagnie,val,-3.814197,-4.272165989999998,-4.057537379108043,-4.241351954421198,-4.116207739686376
champju02,Julian Champagnie,test,-2.523715,-2.36506153,-2.347607587294346,-2.297952862044785,-2.3827153971478663
chandke01,Kennedy Chandler,val,-4.239479,-4.326760090000004,-4.169851032989304,-4.257438181756236,-4.187234911020423
chandty01,Tyson Chandler,train,-1.683546,-1.7278636700000027,-1.5949076068858623,-1.7596585744569155,-1.6964833315591066
chandwi01,Wilson Chandler,train,-2.091657,-1.9974851899999992,-1.6653481037874414,-1.9591485866587277,-1.6969059213436966
chrisca02,Cam Christie,test,-4.265265,-4.394939249999999,-3.937321805754668,-4.232523733479022,-3.9874041073937048
chrisma02,Max Christie,val,-4.502685,-4.547948900000003,-4.269862532308528,-4.414655748473349,-4.255928433075516
chrisma02,Max Christie,test,-2.866392,-4.00835509,-4.024354219891379,-3.7800925465606587,-3.8981928565411987
chrisse01,Semaj Christon,train,-4.727136,-4.148374989999994,-4.195727796185583,-4.09111208249067,-4.268829853015667
cissemo01,Moussa Cisse,test,-4.269355,-4.000730550000002,-3.977155331901459,-4.1505583326102915,-4.137453116272135
cissosi01,Sidy Cissoko,val,-4.35701,-4.34781655,-4.378936851544781,-4.321301844948979,-4.288114441754678
clarkbr01,Brandon Clarke,val,-2.387081,-2.146223539999999,-1.9904303842903044,-2.193305742295921,-2.0531269840174797
clarkga01,Gary Clark,train,-3.974792,-4.000656499999995,-4.0095061416666615,-3.959919955128942,-3.9694247227364263
clarkja02,Jaylen Clark,test,-3.932482,-3.515148770000002,-3.365934017191444,-3.4299439836581667,-3.358498397192915
clarkjo01,Jordan Clarkson,train,-4.537209,-4.434918460000004,-4.252803007415804,-4.308339493303659,-4.203831504383499
clarkjo01,Jordan Clarkson,train,-2.019086,-2.0230855899999973,-2.0793356047677265,-2.0728435239722742,-2.0890691963654997
clarkjo01,Jordan Clarkson,train,-2.136956,-2.073529679999999,-1.9549509951030073,-2.100627984865733,-1.9708114555812206
claxtni01,Nic Claxton,train,-4.356159,-4.341753469999995,-4.362756826362635,-4.309991649640284,-4.351536897910357
claxtni01,Nic Claxton,val,-2.66283,-2.995938570000001,-2.9039279234017252,-2.9568748389678436,-2.9813421962153592
claxtni01,Nic Claxton,test,-1.757417,-1.9554986700000003,-1.903391463829996,-1.9203989194846947,-1.881063997912509
collida01,Darren Collison,train,-2.293474,-2.4279776600000016,-2.464959609987663,-2.376750980251959,-2.4272183100662437
colliis01,Isaiah Collier,test,-3.774901,-4.48901791,-4.238887869802926,-4.337192575384347,-4.166891343260272
collijo01,John Collins,train,-1.503313,-1.5220601500000002,-1.457749064933689,-1.5216797183363233,-1.486187522051746
collijo01,John Collins,test,-2.303242,-1.9493153300000003,-1.9654022845517343,-2.066939908883223,-1.9608281193764232
collini01,Nick Collison,train,-3.223059,-3.0160006399999992,-3.0536944056076756,-3.0416925697556665,-2.987743415016348
colliza01,Zach Collins,train,-2.727488,-2.7065877199999964,-2.989730230279588,-2.695075019670069,-2.991447659243231
colliza01,Zach Collins,val,-2.088789,-3.047617909999999,-2.6244744499888384,-2.6268829236836724,-2.731293952167769
colliza01,Zach Collins,test,-3.091699,-2.9867528799999996,-2.93185734486881,-3.0518134698167914,-2.90532424155907
conlemi01,Mike Conley,train,-1.126433,-1.3349733700000013,-1.4025592538354297,-1.3473892342465996,-1.4181100331961944
conlemi01,Mike Conley,train,-1.600705,-1.598925990000002,-1.70100759702576,-1.6693166004744886,-1.735034738252665
conlemi01,Mike Conley,test,-2.701746,-2.8562325399999993,-2.442117619603588,-2.4571563633973925,-2.5355328561293176
connapa01,Pat Connaughton,train,-4.430817,-4.109530329999997,-3.7003898489148193,-4.141191629962581,-3.590826923434668
connapa01,Pat Connaughton,train,-3.018655,-2.8509715499999992,-2.8440022643105367,-2.874807474597509,-2.7385312753042585
connapa01,Pat Connaughton,val,-2.66962,-2.600034350000001,-2.5840180793281746,-2.4578577897930876,-2.4306127971265066
cookqu01,Quinn Cook,train,-5.011574,-4.93165612,-4.7192219934892545,-4.865698522394556,-4.722834522382558
cookqu01,Quinn Cook,train,-3.594019,-3.6335820500000025,-3.6348637068182366,-3.6351344290878673,-3.6688011933819116
couside01,DeMarcus Cousins,train,-1.346885,-1.4565680899999989,-1.4604214436232121,-1.457236280916152,-1.4507511414864411
covinro01,Robert Covington,train,-4.137521,-4.223844539999998,-4.456137013598744,-4.223219324460319,-4.369000699323411
covinro01,Robert Covington,train,-1.882848,-1.8940060799999983,-1.8360415390177882,-1.8928755596530085,-1.7559608483618436
covinro01,Robert Covington,val,-2.427903,-2.5834814599999993,-2.7079690435391037,-2.507250693350908,-2.6745037094299016
crabbal01,Allen Crabbe,train,-1.616291,-1.8246353999999991,-1.8868612641518347,-1.8927669756252865,-2.0073695899141155
craigto01,Torrey Craig,train,-3.93054,-4.008225590000002,-4.258208299309739,-3.989336082675731,-4.172235758591036
craigto01,Torrey Craig,train,-3.112751,-3.1693525100000017,-3.2885583615163028,-3.2358178355681275,-3.3284518359280253
craigto01,Torrey Craig,val,-3.925129,-2.9549398900000003,-3.3628636945028316,-2.8988281068968247,-3.0831248317981728
crawfja01,Jamal Crawford,train,-1.905758,-1.9907377299999987,-2.155449309683143,-2.1065241469501124,-2.2709245005372356
crawfja01,Jamal Crawford,train,-3.103155,-2.996158099999998,-2.945729674625747,-2.9601630865170065,-2.96663630709672
crowdja01,Jae Crowder,train,-2.302585,-2.3000421699999976,-2.081251445423406,-2.3079762752749433,-2.13141176725396
crowdja01,Jae Crowder,train,-2.418446,-2.3873097499999982,-2.3380236249285486,-2.386054249997165,-2.364349818692575
cunnida01,Dante Cunningham,train,-3.149883,-2.9223995899999964,-2.8888616862722514,-3.0043671968663173,-2.821581430298686
curryse01,Seth Curry,train,-4.268698,-4.300320869999991,-4.295364938196163,-4.294079108905892,-4.327404741925629
curryse01,Seth Curry,train,-3.46301,-3.6221451899999972,-4.028778333800003,-3.7270601290736893,-4.050767127574186
curryse01,Seth Curry,train,-2.61319,-2.5018229000000014,-2.477178399302826,-2.627105793487527,-2.503833182573823
curryse01,Seth Curry,val,-3.526515,-3.0062280000000006,-3.0173791640690815,-2.993888171069629,-3.0227995800566574
curryst01,Stephen Curry,train,-0.901197,-0.9356323799999998,-0.9884696518509016,-0.9542926122797355,-1.0510928558642532
curryst01,Stephen Curry,train,-0.831525,-0.9260509299999999,-0.9788913006038402,-0.9444555643588444,-1.043196104704996
danietr01,Troy Daniels,train,-4.373579,-4.404275800000004,-4.486946661937173,-4.371691781128115,-4.46774727550018
danietr01,Troy Daniels,train,-4.271999,-4.235247919999999,-4.2994698998343885,-4.28864867790306,-4.283663613790412
danietr01,Troy Daniels,train,-3.340842,-3.4846276600000023,-3.7404240903969908,-3.526110470080498,-3.606433550728491
davisan02,Anthony Davis,train,-1.308492,-1.3204449300000007,-1.10424580847435,-1.2945237925603494,-1.0855623116749455
davisan02,Anthony Davis,train,-1.055572,-1.0583761999999992,-1.050921289269758,-1.0737297220340136,-1.0616947630639166
davisan02,Anthony Davis,val,-0.877548,-1.0942131200000005,-1.1158615001877985,-1.1836680724721196,-1.200606877861057
davisde01,Deyonta Davis,train,-4.257133,-4.353568290000004,-4.315823407444096,-4.329915187518181,-4.328965786128408
davised01,Ed Davis,train,-4.104945,-3.8214322899999953,-3.751083984135515,-3.784385981096935,-3.592045290065573
davised01,Ed Davis,train,-2.351375,-2.2783559099999984,-2.370570440030797,-2.3389993009132626,-2.4221687312788114
davised01,Ed Davis,train,-3.106462,-3.017891020000001,-2.8687673600492287,-2.951292949601475,-2.8473076620964273
daviste02,Terence Davis,train,-4.506152,-4.508571499999997,-4.452495533346745,-4.494651150532876,-4.42384566635619
daviste02,Terence Davis,train,-3.335894,-3.2959766299999984,-3.3129115509413194,-3.3751873112704134,-3.3760483425531325
dedmode01,Dewayne Dedmon,train,-3.46301,-3.5076293999999986,-3.672597707057563,-3.577538439191557,-3.6541021653570387
dedmode01,Dewayne Dedmon,train,-2.102364,-2.1755173899999973,-2.265191275835,-2.196383151209751,-2.3758349728126085
dedmode01,Dewayne Dedmon,val,-3.311198,-3.06674205,-3.0745275983366276,-2.9923592993849226,-3.1775917603776334
dekkesa01,Sam Dekker,train,-3.72673,-3.7606470299999954,-3.896740394710497,-3.847967882159861,-3.944579706952529
delanma01,Malcolm Delaney,train,-3.628524,-3.9131995300000044,-4.140055626014366,-4.0103053513850275,-4.274831551898388
dellama01,Matthew Dellavedova,train,-2.283052,-2.239056879999999,-2.1281870207048583,-2.26831619655272,-2.185690873019808
denglu01,Luol Deng,train,-1.848102,-1.884440270000002,-1.9877629509720312,-1.8269803828101518,-1.885567344452633
denglu01,Luol Deng,train,-1.654443,-1.7159074799999983,-1.6427588718137887,-1.7220609904745432,-1.6410326882796549
derozde01,DeMar DeRozan,train,-1.219779,-1.2137851100000008,-1.1671616073815234,-1.2081629008895056,-1.162108023805006
derozde01,DeMar DeRozan,train,-1.37815,-1.3528950000000017,-1.2983432469066787,-1.3777856029194993,-1.324049481120135
derozde01,DeMar DeRozan,test,-1.744307,-1.2503091600000003,-1.4606971106129212,-1.3296290320776645,-1.4703250331105189
diabamo01,Moussa Diabaté,test,-4.305743,-4.194968120000001,-4.221173344347082,-4.199087802305449,-4.274231670754937
diallch01,Cheick Diallo,train,-4.727136,-4.580240419999993,-4.328977429649848,-4.474363070587299,-4.332155401795567
diallha01,Hamidou Diallo,train,-4.492659,-4.2835267500000045,-4.006479274171756,-4.307872540124712,-3.995242322023315
diallha01,Hamidou Diallo,train,-3.07353,-3.203876900000002,-3.2623543286615635,-3.1307183641666656,-3.182182919198605
diawamo01,Mohamed Diawara,test,-4.099718,-3.9861542799999996,-3.9648334139397887,-3.9038511287726734,-3.933127852428569
diawbo01,Boris Diaw,train,-2.198256,-2.1645917399999974,-2.12018613237713,-2.2144787239750565,-2.1425376967577945
dickgr01,Gradey Dick,val,-3.234779,-4.020453270000003,-3.851450314645111,-3.995526176181972,-3.7941841972755856
dienggo01,Gorgui Dieng,train,-1.791154,-1.8359680100000026,-1.8479337458516156,-1.8461766314540822,-1.9146259145020164
diengou01,Ousmane Dieng,test,-3.372867,-2.947821120000002,-3.2064501416874718,-3.362862565362243,-3.244837424445987
dinwisp01,Spencer Dinwiddie,train,-4.314559,-4.319228479999995,-4.221654290615548,-4.264141574991501,-4.166045524159033
dinwisp01,Spencer Dinwiddie,train,-4.529926,-4.518228089999995,-4.4791506369851914,-4.4859916625788,-4.4000915020309055
dinwisp01,Spencer Dinwiddie,train,-4.578716,-4.589756019999993,-4.49857574266071,-4.539184347887186,-4.491955435521398
dinwisp01,Spencer Dinwiddie,train,-2.253187,-2.1578403499999985,-2.2851061644443726,-2.199751232303855,-2.223660065999967
dinwisp01,Spencer Dinwiddie,train,-1.831817,-2.2426810800000005,-2.156267410325498,-2.190862707762781,-2.2622025315464755
divindo01,Donte DiVincenzo,val,-3.288184,-3.35143997,-3.342927738022525,-3.1978666696298212,-3.1034935993358155
divindo01,Donte DiVincenzo,val,-2.451726,-2.1777471500000005,-2.127524510871857,-2.172546504599772,-2.127026030032339
doncilu01,Luka Dončić,train,-1.055551,-1.0354079099999987,-1.0245077042752588,-1.0320557145121108,-0.9810355939649869
doncilu01,Luka Dončić,test,-1.157771,-1.0675495999999998,-1.087366173009081,-1.0845734000106686,-1.1300111546839973
dorsety01,Tyler Dorsey,train,-4.505304,-4.4953944400000045,-4.348809822354259,-4.509360913699838,-4.3779559105404635
dortlu01,Luguentz Dort,val,-2.014135,-2.447824950000002,-2.602349196665832,-2.340920893349204,-2.579467721742788
dosunay01,Ayo Dosunmu,train,-4.503053,-4.447974440000004,-4.402617678278965,-4.456129832087864,-4.374136767341379
dosunay01,Ayo Dosunmu,val,-2.966899,-2.540619380000001,-2.4500197969323434,-2.655047972795353,-2.621804066915338
dosunay01,Ayo Dosunmu,test,-2.027394,-1.9012352100000003,-1.8676368978098612,-1.9067741401473943,-1.8578072263443484
dotsoda01,Damyean Dotson,train,-4.283684,-4.279365949999995,-4.356186831851829,-4.284085813214852,-4.3397423777919455
douglto01,Toney Douglas,train,-4.033384,-3.9022577200000046,-3.8507045180705024,-3.870321822799317,-3.781556490747451
dragigo01,Goran Dragić,train,-1.711602,-1.641844,-1.564598745198552,-1.6545935321018863,-1.543962793263459
drumman01,Andre Drummond,train,-1.310066,-1.3344457600000021,-1.2035406002768347,-1.3800328039433107,-1.1870167750545304
drumman01,Andre Drummond,val,-3.629652,-2.9614673899999993,-2.8276668703586485,-2.7046773070096357,-2.703068993727097
drumman01,Andre Drummond,test,-3.336396,-2.9626042900000003,-2.695059448038427,-2.7840004182288163,-2.65209583180339
dudleja01,Jared Dudley,train,-2.24223,-2.3015208900000035,-2.38051185663089,-2.3302612377125866,-2.360225561803602
duncati01,Tim Duncan,train,-2.557477,-2.3118080100000027,-2.4770900001349436,-2.264054391402495,-2.1667279123937457
dunlemi02,Mike Dunleavy,train,-2.969279,-2.831084759999998,-2.7796999753847165,-2.7449746936151826,-2.5762998174370897
dunnkr01,Kris Dunn,train,-3.083194,-3.1762062499999972,-3.302072799872541,-3.1829637793316343,-3.3725352969195
dunnkr01,Kris Dunn,test,-3.254509,-3.1287225100000007,-3.137640101250308,-2.8959831773486386,-2.890636031527587
duranke01,Kevin Durant,train,-1.243438,-1.186134909999999,-1.249191194041174,-1.2004507188015863,-1.2153945775840171
duranke01,Kevin Durant,train,-1.35249,-1.2750220400000014,-1.2908960322297656,-1.262649667221346,-1.3145912230268886
duranke01,Kevin Durant,train,-1.197798,-1.1218911200000008,-1.1703727535588264,-1.1566807830328785,-1.2452257343104207
duranke01,Kevin Durant,train,-0.977475,-0.9868061899999993,-1.036037987794047,-1.0064665223633793,-1.081799449273004
duranke01,Kevin Durant,train,-0.934798,-1.0022114600000003,-1.0176126844490632,-1.035365965305711,-1.0450545693177595
duranke01,Kevin Durant,test,-1.329793,-1.3342878100000006,-1.510333064664517,-1.3481701384722227,-1.3850343896200386
durenja01,Jalen Duren,val,-3.234661,-3.634308520000002,-3.8720985408344086,-3.7637689113730115,-3.7185021323040854
easonta01,Tari Eason,test,-2.345904,-1.9713802000000007,-2.1594155131264667,-2.1254988052210906,-2.2368061620464865
edwaran01,Anthony Edwards,val,-1.055566,-1.2655016200000002,-1.2686686627736035,-1.320013414259329,-1.238400242285824
edwarca01,Carsen Edwards,train,-4.287166,-4.322534750000005,-4.356120333999001,-4.339947141740929,-4.411478226560147
edwarju01,Justin Edwards,test,-4.182483,-4.2302627899999985,-3.947949996410495,-4.05778684581009,-3.9544658929770535
edwarke02,Kessler Edwards,val,-4.238077,-4.090494670000002,-4.175122516657938,-4.16374970810642,-4.199118110366977
ellebcj01,CJ Elleby,train,-4.506152,-4.448194439999997,-4.401145580672459,-4.458643661206345,-4.3896401755090535
ellenhe01,Henry Ellenson,train,-4.697644,-4.610804970000008,-4.532457152172585,-4.5040905771292445,-4.539160528566872
ellenhe01,Henry Ellenson,train,-4.077446,-4.133599030000004,-4.303999245965226,-4.137403790550706,-4.367545952843437
ellinwa01,Wayne Ellington,train,-3.819965,-3.6478342000000037,-3.473299623989693,-3.614055235977888,-3.442885135879275
ellinwa01,Wayne Ellington,train,-2.730805,-3.026432809999999,-3.3630026959231323,-3.0390816811524948,-3.3534787030876223
ellinwa01,Wayne Ellington,train,-2.61319,-2.776616890000001,-2.94524590676316,-2.7074403446904753,-2.957697869497439
elliske01,Keon Ellis,test,-2.939231,-3.2814293300000004,-3.1338406403313637,-3.3455230973543078,-3.1924219376412637
ellismo01,Monta Ellis,train,-1.8506,-1.8461306499999979,-1.8761731638516332,-1.8203719874744921,-1.8344059958337455
embiijo01,Joel Embiid,train,-2.535729,-2.8822646500000015,-3.236860186786921,-3.192888911634959,-3.346906526988948
embiijo01,Joel Embiid,train,-1.237942,-1.8582625000000015,-1.498145787699926,-2.058234260360801,-1.9025146874311234
embiijo01,Joel Embiid,train,-0.841184,-0.9716266999999995,-0.8980429507829334,-1.0122780399563502,-0.9424303895679726
embiijo01,Joel Embiid,test,-0.904007,-1.01575797,-0.958671625452373,-1.0518971132902504,-1.0346043586851723
ennisja01,James Ennis III,train,-4.39691,-4.167852049999997,-3.8665452900004667,-4.13314058447763,-3.792732204231251
ennisja01,James Ennis III,train,-3.46301,-3.471277639999999,-3.646725296573339,-3.5186689087585012,-3.6464258186343175
ennisja01,James Ennis III,train,-4.07268,-3.7930290099999957,-3.4579015431741,-3.7454016085141713,-3.3776625723084157
ennisja01,James Ennis III,train,-3.974792,-3.784914329999996,-3.556939188063078,-3.707338593067,-3.360878950912817
eubandr01,Drew Eubanks,train,-4.125426,-4.151665160000002,-4.276885279765204,-4.15772671478035,-4.302234058598891
eubandr01,Drew Eubanks,val,-3.996519,-3.1563259999999986,-3.1936657808749156,-3.0287398787811752,-3.0408246616050563
eubandr01,Drew Eubanks,test,-3.361714,-3.235541579999999,-3.304458907417033,-3.2075873657080516,-3.244565375550149
evansja01,Jawun Evans,train,-4.505304,-4.5007466000000065,-4.387269050799257,-4.412684635319715,-4.421322027097762
exumda01,Danté Exum,train,-2.837185,-3.0763422199999986,-3.345222448323136,-3.1218063661065774,-3.569936699153634
exumda01,Danté Exum,train,-2.225792,-2.4268799000000034,-2.8949525499484694,-2.694224334195583,-2.9686841537414455
exumda01,Danté Exum,train,-3.728937,-3.6510797999999953,-3.51694873120463,-3.595823947502832,-3.5109614724638254
exumda01,Danté Exum,val,-3.789504,-3.3931356499999987,-3.3576463405555077,-3.2492704063207545,-3.4161714916449784
ezelife01,Festus Ezeli,train,-2.521283,-2.9584351300000016,-3.219310024209241,-2.9707354370085035,-3.2938645038347567
farieke01,Kenneth Faried,train,-1.722767,-1.7205380900000011,-1.7157740023743995,-1.7646785882544342,-1.7487092259868253
favorde01,Derrick Favors,train,-1.681377,-1.7902371099999985,-1.770451478231243,-1.8233378477596365,-1.8347845820602966
favorde01,Derrick Favors,train,-1.689831,-2.0556239699999987,-2.2629052055159975,-1.923013016435941,-2.3274373033484106
favorde01,Derrick Favors,train,-2.418446,-2.341519249999998,-2.4752914794187673,-2.3911936855258173,-2.3014144103349627
feldeka01,Kay Felder,train,-4.727136,-4.64946522999999,-4.530178160436087,-4.546056468776639,-4.440857230059796
feliccr01,Cristiano Felício,train,-4.60517,-4.557964879999993,-4.323225370373342,-4.41777894829241,-4.313845929157917
feliccr01,Cristiano Felício,train,-2.516617,-2.5793523099999986,-2.5689002459569874,-2.6123177434261478,-2.600795066820355
fernabr01,Bruno Fernando,train,-4.243681,-4.250825679999996,-4.314894773052239,-4.267758388845235,-4.330559826265518
fernabr01,Bruno Fernando,val,-3.910341,-4.081717489999999,-3.876701586389582,-3.6510604821978463,-3.7630873009265824
ferreyo01,Yogi Ferrell,train,-4.90149,-4.806404420000006,-4.666585553510985,-4.761773920378991,-4.7071159987541655
filipky01,Kyle Filipowski,test,-3.847221,-4.20458611,-4.235442506757883,-4.1881449312687025,-4.105996178607643
finnedo01,Dorian Finney-Smith,train,-4.727136,-4.696968479999989,-4.484064964388419,-4.667044959808384,-4.458518210991656
finnedo01,Dorian Finney-Smith,train,-3.306337,-3.0423028500000027,-2.9475887011259,-2.9913588691881587,-2.943362361072421
finnedo01,Dorian Finney-Smith,val,-2.34786,-1.9024928900000004,-1.9057502529341315,-1.8201303714199646,-1.819157962096117
finnedo01,Dorian Finney-Smith,test,-2.462634,-2.358518010000002,-2.3262206836620942,-2.485340386158266,-2.360021605793816
flemira01,Rasheer Fleming,test,-4.265267,-4.418236889999999,-4.164733762515726,-4.293261843469299,-4.10505601743617
fontesi01,Simone Fontecchio,val,-3.678061,-4.090411590000001,-4.2036016668699325,-4.154378356939749,-4.208861392456274
fontesi01,Simone Fontecchio,test,-2.866392,-3.62739711,-3.5996509248741018,-3.516757430546694,-3.516807181817688
forbebr01,Bryn Forbes,train,-4.866399,-4.827684349999999,-4.635870337893568,-4.794362205274371,-4.568125387468043
forbebr01,Bryn Forbes,train,-3.525075,-3.5256526500000005,-3.5804178021310182,-3.5632886226164144,-3.640040525825762
forbebr01,Bryn Forbes,train,-3.819248,-3.64249874,-3.571918303507192,-3.5742546168361695,-3.3987393046703307
fournev01,Evan Fournier,train,-1.711602,-1.7466291199999988,-1.6669931373671485,-1.7523029877721075,-1.6197162945988528
fournev01,Evan Fournier,train,-1.818023,-1.8212850100000006,-1.7756213971203627,-1.8487143101825398,-1.7556179091503734
foxde01,De'Aaron Fox,train,-1.237876,-1.3084146699999997,-1.3346893845872618,-1.336402777390847,-1.2843423255146098
foxde01,De'Aaron Fox,test,-1.121379,-1.3224427900000004,-1.3342233206496148,-1.376437890765307,-1.2925243133930444
fraziti01,Tim Frazier,train,-5.052574,-4.873609829999997,-4.786682339030804,-4.818953786402861,-4.594875167226144
fraziti01,Tim Frazier,train,-3.826975,-3.9382210500000014,-4.117141894152881,-3.942882327200682,-4.137396157654616
fryech01,Channing Frye,train,-2.064724,-2.069961840000002,-2.0312132614610574,-2.0784937909484125,-2.012531518310851
fultzma01,Markelle Fultz,train,-1.908778,-2.1479262900000022,-2.0967120075287995,-2.0883667152896868,-2.1981729261372487
furphjo01,Johnny Furphy,test,-4.181529,-4.405001290000003,-4.166306164937937,-4.325850554404754,-4.134125441442584
gabriwe01,Wenyen Gabriel,train,-4.167903,-4.190737510000005,-4.3881243980545985,-4.201992522824258,-4.406977458021359
gaffoda01,Daniel Gafford,train,-4.270637,-4.232423420000003,-4.201700319427414,-4.19603016122815,-4.152950055997961
gaffoda01,Daniel Gafford,train,-2.222738,-2.3750300199999987,-2.4399350973599763,-2.434174428354103,-2.387516162298136
gaffoda01,Daniel Gafford,test,-2.239071,-2.1994356500000003,-2.1999933144105306,-2.1585847137428362,-2.14945382907017
gallida01,Danilo Gallinari,train,-1.833437,-1.9270731100000014,-2.0967088023043945,-1.9808026211604293,-2.075447754999982
gallida01,Danilo Gallinari,train,-1.523983,-1.5271486499999996,-1.4816316600568225,-1.5507812949735116,-1.5136506540559926
gallida01,Danilo Gallinari,train,-1.673834,-1.6514172999999996,-1.6482498343799603,-1.6705305215884363,-1.6500712261966326
gallida01,Danilo Gallinari,val,-2.924383,-2.8034147299999987,-2.8607000342989553,-2.7477819991145096,-2.8265221363309405
gallola01,Langston Galloway,train,-4.864681,-4.7858113900000046,-4.602813039652373,-4.470613629528351,-4.3668378008449515
gallola01,Langston Galloway,train,-2.877108,-2.8902947099999996,-3.0372003541167887,-2.9432613837987556,-3.088088317364213
garlada01,Darius Garland,val,-1.237877,-1.2896851599999994,-1.2651075024421905,-1.3611827123027216,-1.327138027559064
garneke01,Kevin Garnett,train,-2.138282,-2.3855785800000016,-2.501052852702853,-2.4070331103973914,-2.7702012745946
garzalu01,Luka Garza,train,-4.503053,-4.213609340000004,-4.023389699180107,-4.284842220329356,-3.978506903439062
garzalu01,Luka Garza,test,-4.132684,-3.8425841499999995,-3.7566858382689343,-3.774566052918581,-3.8783059499802883
garzalu01,Luka Garza,test,-4.074161,-3.8358677,-3.865300830171997,-3.7485910816544075,-3.823563770196787
gasolma01,Marc Gasol,train,-1.128777,-1.17535393,-1.254580880016026,-1.1897170493368383,-1.2217555600907566
gasolma01,Marc Gasol,train,-3.725648,-3.4563030500000003,-3.1283344019938846,-3.2911511348628144,-3.100773390721926
gasolpa01,Pau Gasol,train,-2.138192,-1.9995931300000018,-2.0739159213256904,-2.0513722258730676,-1.9836893666110142
gasolpa01,Pau Gasol,train,-1.781645,-1.776002749999999,-1.8423953239584863,-1.7195470196496585,-1.7105992373641112
gasolpa01,Pau Gasol,train,-1.806941,-1.854143719999998,-2.0201611149832135,-1.9933180285470544,-1.9838103800319156
gayru01,Rudy Gay,train,-1.658228,-1.6238276800000002,-1.618149763713776,-1.5995189664416083,-1.6177642477566159
gayru01,Rudy Gay,train,-2.444297,-2.139984900000003,-2.223447885083084,-2.23258707300309,-2.1528543809454783
gayru01,Rudy Gay,train,-1.920043,-2.100258730000001,-2.175659330503819,-2.1658096714033177,-2.199081464481559
gayru01,Rudy Gay,train,-2.494866,-2.6707083500000004,-2.739892332103987,-2.6651984118486385,-2.94678326061185
geeal01,Alonzo Gee,train,-3.948391,-3.8515091800000016,-3.7331939851848372,-3.8169322171003355,-3.749291171854383
georgpa01,Paul George,train,-1.2365,-1.313268810000002,-1.2390658865594886,-1.3042255139722736,-1.2643640324858727
georgpa01,Paul George,train,-1.090731,-1.1299842900000012,-1.1678355299458247,-1.1444723113231292,-1.2223236388190553
georgpa01,Paul George,train,-0.937999,-1.0857271900000012,-1.2651798503489275,-1.141806869398423,-1.2089021218784828
georgpa01,Paul George,test,-0.977525,-1.21003083,-1.314381527629899,-1.3386300871281167,-1.3760366833764814
gibsota01,Taj Gibson,train,-1.957001,-2.275276419999998,-2.4816008811184282,-2.176599514592402,-2.565142490937851
gibsota01,Taj Gibson,train,-2.390046,-2.5205755200000026,-2.6193210635192496,-2.453184367834464,-2.5866173491738325
gibsota01,Taj Gibson,train,-3.1028,-3.1135913900000003,-2.986557813979008,-2.9923138007988563,-3.0332486284339653
giddejo01,Josh Giddey,test,-1.822269,-1.6633272700000004,-1.6743335631660838,-1.6555369916944462,-1.5956458018466142
gilgesh01,Shai Gilgeous-Alexander,train,-1.237873,-1.2468611399999978,-1.238239883803233,-1.2934080344376417,-1.297033329552525
gilgesh01,Shai Gilgeous-Alexander,test,-0.918198,-0.9486529199999997,-0.9555130468387585,-0.9683941856992885,-1.0002930321616927
gillan01,Anthony Gill,train,-4.51031,-4.441788630000002,-4.276806759456097,-4.362999253443869,-4.370517577556466
gillan01,Anthony Gill,val,-4.167778,-4.015527789999998,-4.012782103290119,-3.9949718688718816,-3.923273372017485
gillan01,Anthony Gill,test,-4.07454,-3.8392070299999985,-3.8318717691483264,-3.791349769617603,-3.8589837104993334
gilleco01,Collin Gillespie,test,-2.651549,-1.9840910099999984,-1.841062198402541,-2.0127026920215427,-1.910189749860028
ginobma01,Manu Ginóbili,train,-3.192443,-3.144543350000002,-3.1745985791095506,-3.024519107555556,-2.9917590160030305
goberru01,Rudy Gobert,train,-1.35738,-1.5131365400000019,-1.5315137772996341,-1.5102912509570185,-1.502258129455847
goberru01,Rudy Gobert,train,-1.008616,-1.1408034500000013,-1.2079939384734384,-1.2045073957074823,-1.2437056803234539
goberru01,Rudy Gobert,test,-1.443833,-1.5067663500000006,-1.4978028108687038,-1.527289394829932,-1.5538712856484123
goodwar01,Archie Goodwin,train,-4.529926,-4.466558999999994,-4.094545165639555,-4.286238981872447,-4.149689390892036
goodwar01,Archie Goodwin,train,-4.788431,-4.544795610000003,-4.48122196305984,-4.4577405608031855,-4.46805052357244
goodwjo01,Jordan Goodwin,test,-3.290629,-2.693728659999999,-2.5395718303460684,-2.572986495529066,-2.586716662706569
gordoaa01,Aaron Gordon,train,-2.738069,-2.884425249999998,-3.0250452998433714,-3.014210140759683,-3.172744423578727
gordoaa01,Aaron Gordon,train,-1.627955,-1.6049112399999985,-1.685574338245517,-1.6196700062913825,-1.6574562057247069
gordoaa01,Aaron Gordon,train,-1.74249,-1.8123345000000015,-1.8071858725618442,-1.8232518393333326,-1.794173163888029
gordoaa01,Aaron Gordon,test,-1.49922,-1.6620386000000007,-1.5506445652207776,-1.653482863908161,-1.5734955127772958
gordoer01,Eric Gordon,train,-1.960817,-1.9270186999999985,-1.8977771265798435,-1.9637746187330423,-1.9283702040121748
gordoer01,Eric Gordon,train,-1.75347,-1.7792650699999972,-1.7956747566825004,-1.8335925907358277,-1.784000149546478
gordoer01,Eric Gordon,val,-3.726491,-2.95013712,-3.0572542516486187,-2.8908112752874118,-2.935912116079794
gordoer01,Eric Gordon,test,-3.72648,-3.109039109999999,-2.9699109956430125,-3.001560877090699,-3.019451391389023
gortama01,Marcin Gortat,train,-1.659259,-1.6531383300000004,-1.6774262341998134,-1.6756001391303874,-1.661062745926848
grahade01,Devonte' Graham,train,-4.318657,-4.349022899999995,-4.31527213579185,-4.3318414178303435,-4.278871308871154
grahade01,Devonte' Graham,train,-2.251973,-2.0990461899999993,-1.8498643534326928,-2.1080906233939913,-1.9228704571115538
grahatr01,Treveon Graham,train,-4.166263,-4.023712810000001,-4.059054806633798,-4.0136560295453965,-3.992761851492438
grantje01,Jerami Grant,train,-4.249526,-4.302122480000001,-4.102458628793752,-4.171955238704086,-4.11125149398628
grantje01,Jerami Grant,train,-2.426463,-2.5616883600000016,-2.551194845758124,-2.489601711298137,-2.5106244502937485
grantje01,Jerami Grant,train,-1.696899,-1.966095630000001,-2.0832035209525794,-1.9322294948061218,-2.1344041744306335
grantje01,Jerami Grant,val,-1.447073,-1.64964444,-1.6935385580611635,-1.6697896975187085,-1.6454486864140103
grantje02,Jerian Grant,train,-3.772261,-3.7342877099999994,-3.9508592776391045,-3.8222391010515855,-3.938101380545464
grantje02,Jerian Grant,train,-3.999484,-3.9200609599999985,-3.871685430322823,-3.915554487706916,-3.839032787041779
greenaj01,A.J. Green,val,-4.167702,-4.22671815,-4.156888217367062,-4.177430570655324,-4.198212612626502
greenaj01,A.J. Green,test,-2.716087,-2.530033589999999,-2.554148693675496,-2.5967858894195017,-2.346192515921385
greenda02,Danny Green,train,-2.24223,-2.0496957600000014,-1.9542044753952628,-2.0242443726513635,-1.9721389241458418
greenda02,Danny Green,train,-2.419603,-2.595049569999998,-2.665986360132293,-2.5309256269064626,-2.64934493021526
greendr01,Draymond Green,train,-1.477061,-1.64123392,-1.6937005450519262,-1.6856065959761894,-1.6821573984543938
greendr01,Draymond Green,val,-1.693933,-1.8908254,-1.9631478890361784,-2.042485455837302,-1.88586250498664
greenja01,JaMychal Green,train,-4.537209,-4.376419840000004,-3.9696671624005817,-4.303158438466558,-3.941564169230715
greenja01,JaMychal Green,train,-2.504195,-2.6396815700000023,-2.7148653510795557,-2.6179849705051024,-2.7696324593919877
greenja01,JaMychal Green,train,-3.106462,-3.0963600599999994,-3.140218330314888,-3.112174947705885,-3.1690978483748222
greenja01,JaMychal Green,train,-2.693858,-2.8453655499999995,-3.102831585257102,-2.8337879323435384,-3.129610763137327
greenja01,JaMychal Green,train,-2.618054,-2.7636706599999985,-3.147990308064133,-2.8156215518548775,-3.1609660858949598
greenja02,Javonte Green,train,-4.51031,-4.479942120000003,-4.421509308594199,-4.431572210563487,-4.325407633307395
greenja02,Javonte Green,train,-4.168303,-4.059961089999997,-4.007266488184603,-4.035362341075964,-3.979195212182192
greenje02,Jeff Green,train,-3.218111,-2.9910770599999994,-2.9639243354886573,-3.023254771018141,-2.906089172131643
greenje02,Jeff Green,val,-2.833368,-2.9699684399999997,-3.080935527369598,-2.9490688292295917,-3.1276384564232385
greenjo02,Josh Green,val,-2.330874,-2.58735341,-2.420105493980291,-2.5942869574223364,-2.5028453310947887
griffbl01,Blake Griffin,train,-1.062664,-1.1333821899999992,-1.0834247723845285,-1.1313475093241603,-1.1160082088623497
grimequ01,Quentin Grimes,test,-2.428405,-1.9235160400000004,-1.8811186153404622,-2.0024619230299416,-1.935313005461545
gueyemo02,Mouhamed Gueye,val,-4.265706,-4.312325450000002,-4.175629248533266,-4.253160132018134,-4.104492563144854
hachiru01,Rui Hachimura,val,-2.079596,-2.7299057999999996,-2.658064887606322,-2.71431424641213,-2.6999956260089837
hachiru01,Rui Hachimura,test,-2.497398,-2.780910160000001,-2.7992621020872046,-2.689057534699546,-2.815810751035761
hairspj02,P.J. Hairston,train,-3.982898,-4.124141579999995,-4.196546504901936,-4.133274587061791,-4.191004076329662
halibty01,Tyrese Haliburton,val,-1.055566,-1.2946896000000008,-1.2130896658674648,-1.290546817964286,-1.2065208924178603
hamilju01,Justin Hamilton,train,-4.926671,-4.670949049999999,-4.61245036076682,-4.527558838052046,-4.4563251321876605
hamilju01,Justin Hamilton,train,-3.446203,-3.576256610000003,-3.872580555438571,-3.6075535421712024,-3.777818352592567
hardati02,Tim Hardaway Jr.,train,-1.720378,-1.8628811500000007,-1.8090422657144358,-1.8465577635531334,-1.8299515882470259
hardati02,Tim Hardaway Jr.,train,-1.790995,-1.8364180500000007,-1.818208535152784,-1.873897586863379,-1.871546588651705
hardeja01,James Harden,train,-1.211669,-1.1514580400000003,-1.0201475913022755,-1.136014378365389,-1.031988805400824
hardeja01,James Harden,train,-0.868318,-0.9040351600000007,-0.9977299001484295,-0.9086171686799608,-1.0003311547874438
hardeja01,James Harden,val,-1.281767,-1.0805679100000005,-1.333532457298913,-1.181459349954648,-1.3307485556706908
hardeja01,James Harden,test,-1.390486,-1.6002839500000001,-1.7360254479506265,-1.4171073414148627,-1.644108756118112
hardeja01,James Harden,test,-1.333689,-1.1604998400000006,-1.3714072381317834,-1.1584225351535258,-1.3384676622271265
hardyja02,Jaden Hardy,val,-4.35586,-4.52661764,-4.389145766754155,-4.437221242314106,-4.3921029226296335
hardyja02,Jaden Hardy,test,-3.249386,-4.046216559999999,-3.5974741753349053,-3.705593940928567,-3.8226148588161277
harklma01,Maurice Harkless,train,-2.19344,-2.227950000000001,-2.301566123176045,-2.265576783442178,-2.325966989911896
harklma01,Maurice Harkless,train,-3.218111,-3.2501636300000003,-3.270826366534907,-3.210202054151362,-3.20715230504613
harremo01,Montrezl Harrell,train,-4.202885,-4.060479369999997,-3.892801080112222,-4.062961169922903,-3.946539991457828
harremo01,Montrezl Harrell,train,-2.831928,-2.946162730000002,-2.859484772632084,-2.8747721749030637,-2.886265783672275
harremo01,Montrezl Harrell,train,-2.442393,-2.262922140000002,-2.3972128441902827,-2.253087146299887,-2.2656483404158605
harremo01,Montrezl Harrell,val,-3.858145,-2.3947107299999995,-2.559727314865737,-2.2915322034455787,-2.301197495215749
harrian01,Andrew Harrison,train,-4.544815,-4.447790399999997,-4.2899261006347205,-4.364429505518137,-4.305749203042421
harride01,Devin Harris,train,-2.72347,-2.608539109999999,-2.41555302939495,-2.6418892459098644,-2.4804415769025443
harriga01,Gary Harris,train,-3.70269,-3.523858780000002,-3.4429726336433024,-3.4224899854461435,-3.423550273422351
harriga01,Gary Harris,train,-1.579165,-1.6673920299999991,-1.5230882635035996,-1.6721437382585018,-1.563678543312438
harriga01,Gary Harris,val,-2.34786,-2.8515042000000004,-2.749735484323732,-2.7610071108299303,-2.7930622200282795
harriga01,Gary Harris,test,-2.930931,-3.0025124200000004,-3.1367016144088478,-3.0449342195766342,-3.0585238545026554
harriga01,Gary Harris,test,-3.726078,-3.2499777099999987,-3.2817692968801784,-3.292925659938778,-3.2626755618177894
harrijo01,Joe Harris,train,-4.249526,-4.2733032699999995,-4.203231586878148,-4.258151648412392,-4.147984419119168
harrijo01,Joe Harris,train,-4.529926,-4.448756539999994,-4.415806064649856,-4.4091055920776645,-4.3678762528922705
harrijo01,Joe Harris,train,-2.544246,-2.787321079999997,-2.929027929887414,-2.7775621519410416,-2.986663805335353
harrijo01,Joe Harris,train,-1.761438,-1.812174679999999,-1.8230912898321205,-1.8475734549975775,-1.8248568588041953
harrish01,Shaquille Harrison,train,-4.898125,-4.764184799999998,-4.66613483000033,-4.713289634333544,-4.636876691520151
harrish01,Shaquille Harrison,train,-4.252124,-4.341152079999997,-4.5828384117078595,-4.374296180161929,-4.544967273943055
harrito02,Tobias Harris,train,-1.475907,-1.5104293300000018,-1.4042974121216265,-1.5253763475544215,-1.481704341996341
harrito02,Tobias Harris,train,-1.109113,-1.1954230399999983,-1.378910927475005,-1.227084560740363,-1.3625403255433246
harrito02,Tobias Harris,test,-1.687737,-1.6771653300000002,-1.6088388882863371,-1.6772630272305216,-1.6180214985487482
harrito02,Tobias Harris,test,-2.40079,-2.352365250000001,-2.1336095820787566,-2.2997386403764177,-2.189016975698919
harteis01,Isaiah Hartenstein,train,-4.167903,-4.066123710000005,-4.133194955262762,-4.05344817488605,-4.08075441814554
harteis01,Isaiah Hartenstein,val,-2.738054,-3.0253929400000015,-2.9670022553308595,-2.9460856035494705,-2.9320274502370136
harteis01,Isaiah Hartenstein,test,-1.578538,-2.1389130599999997,-2.1649788031937303,-2.208075142679706,-2.274276623881851
harteis01,Isaiah Hartenstein,test,-1.917579,-2.2910189800000005,-2.147115741783817,-2.2478309977403623,-2.2069074824011934
hartjo01,Josh Hart,train,-2.185322,-2.3762900900000044,-2.503298378095344,-2.3345677953480757,-2.5086105137110706
hartjo01,Josh Hart,val,-1.938667,-1.8939160999999993,-1.8634064917263857,-1.8872569043469403,-1.834415157833247
hasleud01,Udonis Haslem,train,-3.116334,-3.075656039999997,-3.157501503891845,-3.1248981379904657,-3.116908777800447
hausesa01,Sam Hauser,val,-4.184452,-4.005279580000003,-4.157668581336224,-4.179336637161562,-4.242312378778466
hausesa01,Sam Hauser,test,-2.620777,-2.3783037200000003,-2.2382464392942842,-2.331422750422904,-2.190172634593044
hawessp01,Spencer Hawes,train,-2.408095,-2.1637429800000008,-1.9010861968310662,-2.145282253251131,-1.8664123553362972
hayesja02,Jaxson Hayes,val,-4.0734,-3.7031298300000004,-3.8500863153182197,-3.6624854214552207,-3.5375536556659797
hayesja02,Jaxson Hayes,test,-3.344696,-2.9674176400000003,-2.824732536316176,-2.8405107992947825,-2.834098403150064
haywago01,Gordon Hayward,train,-1.387802,-1.5131093199999983,-1.5403870830864694,-1.5189231455663776,-1.5825291779539326
haywago01,Gordon Hayward,train,-1.131887,-1.1570441600000019,-1.0677573798434936,-1.1657621510634928,-1.1366871804479861
haywago01,Gordon Hayward,train,-1.291434,-1.39262466,-1.4454371652455387,-1.3788760303597705,-1.4203280316933156
hendege02,Gerald Henderson,train,-2.34759,-2.549289329999998,-2.740222708463085,-2.599300894847508,-2.770109344518011
hensojo01,John Henson,train,-2.059908,-2.1589829700000016,-2.055211045277704,-2.1180623026105434,-2.0675462734653234
hernaju01,Juancho Hernangómez,train,-2.746721,-3.002617520000001,-3.2049907081524136,-2.9527892825130375,-3.176173092397689
hernawi01,Willy Hernangómez,train,-4.173251,-4.1586026099999955,-4.047811646056942,-4.034274929421771,-3.972834170557379
hernawi01,Willy Hernangómez,train,-3.828825,-3.350419369999997,-2.988346007876773,-3.2472958725102035,-2.9376093001418004
herroty01,Tyler Herro,val,-1.511612,-1.48068111,-1.4667896434548267,-1.4781577476320864,-1.4418180193233472
hezonma01,Mario Hezonja,train,-2.906937,-2.962874760000002,-3.4055147541446247,-3.031365803981861,-3.3800807662578998
hieldbu01,Buddy Hield,train,-3.165419,-3.4094275199999964,-3.7982228204883626,-3.5835181100651927,-3.710866230073995
hieldbu01,Buddy Hield,train,-1.535631,-1.5444554299999984,-1.5271576045509696,-1.546724511505721,-1.536141802525903
hieldbu01,Buddy Hield,test,-2.700878,-2.0660812500000003,-2.1069924166988563,-2.161212370103848,-2.0543335714915316
highsha01,Haywood Highsmith,test,-3.257585,-3.5408633199999997,-3.7178168870405766,-3.3867823379081585,-3.560973251820038
hilarne01,Nenê,train,-3.305908,-3.1561373599999967,-2.953332020300266,-3.0225795054529465,-2.7144220389305813
hilarne01,Nenê,train,-2.390046,-2.870896740000001,-2.7977286775153987,-2.8455498199041958,-3.1428535510092006
hillge01,George Hill,train,-1.65162,-1.6257937500000004,-1.346418732508605,-1.591040849180269,-1.4652986380959374
hillge01,George Hill,train,-2.431911,-2.5488913300000036,-2.6571362185637244,-2.5956479768117893,-2.6588558753375224
hillge01,George Hill,train,-3.335894,-3.183261579999998,-3.213566959475578,-3.1488045712789083,-3.1035167858866948
hillida01,Darrun Hilliard,train,-4.430817,-4.405936699999995,-4.185992608297504,-4.391021631061223,-4.220121871615855
hilljo01,Jordan Hill,train,-3.158521,-2.9338587600000015,-2.7847835099736735,-2.901214861070862,-2.764490645158192
hillso01,Solomon Hill,train,-2.059908,-2.272035420000003,-2.486743016565112,-2.308744039311634,-2.4493494076904248
hinriki01,Kirk Hinrich,train,-3.114547,-3.084692329999998,-2.934812687678091,-2.9864869391337887,-2.960319516079477
holidaa01,Aaron Holiday,test,-3.380348,-3.608163840000002,-3.5637303281493167,-3.563074681625283,-3.5534953209417477
holidjr01,Jrue Holiday,train,-1.369215,-1.5065504899999982,-1.6134018828999936,-1.5186969421502776,-1.5988618654374496
holidjr01,Jrue Holiday,train,-1.298515,-1.3199086799999995,-1.304325043409765,-1.3302428463197271,-1.2910443421028035
holidjr01,Jrue Holiday,test,-1.522165,-1.639351890000001,-1.5782052882200077,-1.6518413346065748,-1.517094733893555
holidju01,Justin Holiday,train,-4.268698,-4.224086439999992,-4.142945212343939,-4.181352906267008,-4.173153793977948
holidju01,Justin Holiday,train,-3.091981,-3.230070029999999,-3.3354814780985267,-3.271681971195576,-3.3181555996104652
holidju01,Justin Holiday,train,-2.899761,-2.779487540000004,-2.6899430394764647,-2.749462673642859,-2.5446759587788454
holliro01,Rondae Hollis-Jefferson,train,-3.937341,-3.843873300000002,-3.87030993673469,-3.8118105603180323,-3.835990840407242
holmeri01,Richaun Holmes,train,-4.212485,-4.027796260000001,-3.9022054701879068,-4.017575479438205,-3.884359293417022
holmeri01,Richaun Holmes,train,-3.106462,-3.0287188100000004,-2.8690042132387044,-3.050659164349209,-2.949273041913043
holmeri01,Richaun Holmes,train,-2.268601,-2.047734999999999,-2.1001957112509144,-2.0837454735294787,-1.9714670968196861
holmeri01,Richaun Holmes,test,-2.478892,-3.1471690800000003,-3.1406861595870255,-3.091317021652494,-2.994483371289812
holmgch01,Chet Holmgren,test,-1.065072,-1.6920647000000009,-1.661848780503916,-1.780435030076738,-1.6157589062626923
hoodro01,Rodney Hood,train,-3.866534,-3.6000700600000006,-3.573710305126044,-3.6247660875850327,-3.5266925989095883
hoodro01,Rodney Hood,train,-2.92619,-3.0041112799999996,-3.0370241543286034,-2.9768376125068037,-3.030987614245259
hoodro01,Rodney Hood,train,-2.346029,-2.684955129999996,-2.9914087697766325,-2.6673039856791356,-3.044589375939518
horfoal01,Al Horford,train,-1.203721,-1.266508270000001,-1.2699062373562733,-1.2926239071803758,-1.3223842681433626
horfoal01,Al Horford,train,-1.387578,-1.46808661,-1.4978350218608616,-1.5740656067772096,-1.5761473073273753
horfoal01,Al Horford,val,-2.635542,-2.86328399,-2.7341987581951703,-2.4681203765856017,-2.5599831981221755
horfoal01,Al Horford,test,-3.278986,-2.8821211599999987,-2.8093588415955195,-2.6876465484603167,-2.738785416860636
horfoal01,Al Horford,test,-3.19126,-2.8391730199999983,-3.0187078849643747,-2.742243503537984,-2.923993951753018
hortota01,Talen Horton-Tucker,train,-4.51031,-4.5287303800000025,-4.3220856080552705,-4.473122488767002,-4.234904080610826
hortota01,Talen Horton-Tucker,train,-2.391016,-2.418441480000001,-2.801139566163173,-2.6678647955663295,-2.817700891947073
houseda01,Danuel House Jr.,train,-4.873319,-4.795471929999994,-4.487995741792052,-4.782808866168929,-4.4700578424658595
houseda01,Danuel House Jr.,train,-3.379804,-3.1153559300000007,-3.250978125775566,-3.1948298368219965,-3.2548184725542124
houseda01,Danuel House Jr.,val,-3.380033,-3.6339056400000014,-3.606596497137749,-3.666256874028345,-3.5669256335687844
houstca01,Caleb Houstan,val,-4.098437,-4.337277260000001,-4.166219646693859,-4.261191257366778,-4.132866156091023
howardw01,Dwight Howard,train,-1.387814,-1.5273288200000008,-1.5538762158087287,-1.5661487548429704,-1.5329503320217883
howardw01,Dwight Howard,train,-2.928072,-2.4258549699999965,-2.327012558713163,-2.351186949047722,-2.0196361310883724
huertke01,Kevin Huerter,test,-2.939231,-2.6471889099999997,-2.655528788883074,-2.635474794617351,-2.6361888304934458
huertma01,Marcelo Huertas,train,-4.116285,-3.9331493800000015,-4.122367722599505,-3.9286916913140546,-4.090673400041824
huestjo01,Josh Huestis,train,-4.095774,-4.025519160000003,-3.8423732151471124,-3.9453560418171825,-3.8739903792301047
humphkr01,Kris Humphries,train,-2.653512,-2.590085130000002,-2.4684334191574178,-2.589299154866726,-2.430819041029424
huntede01,De'Andre Hunter,val,-1.799294,-2.463248680000001,-2.2127397436851237,-2.4533381947414976,-2.374960546528725
ibakase01,Serge Ibaka,train,-1.520284,-1.6285006300000016,-1.5567734987210935,-1.6404454820980732,-1.6844100200135341
ibakase01,Serge Ibaka,train,-2.442393,-2.3862033000000027,-2.365419129192599,-2.4018534949001817,-2.292379584949812
ighodos01,Oso Ighodaro,test,-4.265265,-4.370134720000001,-4.146582148221379,-4.31216009976068,-4.097530984558601
iguodan01,Andre Iguodala,train,-1.82347,-2.0824996399999955,-2.218537564361284,-2.1161313961366184,-2.2781666417284177
iguodan01,Andre Iguodala,train,-1.984581,-2.4024194599999977,-2.2422743616240033,-2.401979368253968,-2.6362628115616156
ilyaser01,Ersan İlyasova,train,-2.677778,-2.5871092499999975,-2.400989254380381,-2.6065372956082755,-2.3769880216318655
inglejo01,Joe Ingles,train,-3.483027,-3.5905622299999975,-3.6178250330124713,-3.550240929330496,-3.626283993890818
inglejo01,Joe Ingles,train,-2.031109,-2.104671839999996,-1.9796886297297058,-2.1302492719722226,-2.0959703263797183
inglejo01,Joe Ingles,val,-2.514914,-2.9671176399999983,-3.0480842289283077,-2.907594957885488,-2.9772100788063685
ingrabr01,Brandon Ingram,train,-1.237893,-1.23733084,-1.254228075236718,-1.282384033549319,-1.2891947324116286
ingrabr01,Brandon Ingram,test,-1.447576,-1.4912382000000002,-1.5757083685123368,-1.754494154665534,-1.5552486249371102
irvinky01,Kyrie Irving,train,-1.311452,-1.3380156600000017,-1.1342055812870662,-1.329866869762936,-1.24299367556637
irvinky01,Kyrie Irving,train,-1.162601,-1.1572750399999987,-1.1103799917054449,-1.1370208121108043,-1.1063416295264665
irvinky01,Kyrie Irving,val,-1.17514,-1.0877763500000004,-1.2082818397693986,-1.1827615424488744,-1.2863870040264962
irvinky01,Kyrie Irving,test,-1.365098,-1.1872140400000004,-1.2828950875699041,-1.3218089176331163,-1.4011064466812613
isaacjo01,Jonathan Isaac,train,-1.861417,-1.9019585699999988,-1.821128530962697,-1.9255720879172369,-1.8313761919770442
iwundwe01,Wes Iwundu,train,-4.295954,-4.323830039999997,-4.391673920019703,-4.318198188794221,-4.3359762032519065
iwundwe01,Wes Iwundu,train,-4.133016,-3.9834431199999982,-3.9181503112611957,-3.984126355096414,-3.866342226620347
jacksan01,Andre Jackson Jr.,val,-4.265706,-4.342511130000002,-4.175629248533266,-4.250117663484537,-4.1101946348948655
jacksfr01,Frank Jackson,train,-4.35967,-4.401273569999998,-4.305500602427776,-4.375269066286848,-4.256388102980164
jacksfr01,Frank Jackson,train,-4.133016,-4.11605745,-4.28953896115923,-4.094707976035713,-4.222206685648168
jacksfr01,Frank Jackson,train,-3.598884,-3.537110659999999,-3.6124812610212382,-3.630526067752841,-3.5969197460646893
jacksgg01,GG Jackson II,val,-4.157725,-4.3429826200000035,-4.110157584593071,-4.229698012137183,-4.028362184012335
jacksis01,Isaiah Jackson,test,-3.095235,-2.7611870400000003,-2.7343536122724683,-2.861074407252269,-2.8434114600673266
jacksjo02,Josh Jackson,train,-3.106462,-3.5030359200000016,-3.486164391284336,-3.575275891396254,-3.9179575220283556
jacksre01,Reggie Jackson,train,-1.475907,-1.6042521200000024,-1.7329047119776084,-1.666271638337301,-1.7157929028477132
jacksre01,Reggie Jackson,train,-2.342642,-2.6265138400000034,-2.7066120823674895,-2.5961476872743736,-2.769215355188501
jacksre01,Reggie Jackson,val,-3.278679,-3.1708268100000008,-3.291519504903631,-3.1152622815028366,-3.2261822023437694
jackstr02,Trayce Jackson-Davis,val,-4.265706,-4.32502586,-4.146582148221379,-4.2431939404239465,-4.078646104494288
jamesbr02,Bronny James,test,-4.265265,-4.3537016500000005,-4.086186157469296,-4.210620898332764,-4.045138220274539
jamesle01,LeBron James,train,-1.094893,-1.0922519199999994,-1.1772353622040672,-1.1089624431016811,-1.2578934765198746
jamesle01,LeBron James,train,-1.038257,-1.0390713600000008,-1.0473082016693214,-1.0511908569331063,-1.1573404893158905
jamesle01,LeBron James,train,-0.976281,-0.9856393099999999,-1.011600001520717,-0.9959640302745826,-1.0724059565932313
jamesle01,LeBron James,train,-0.96495,-1.0786084200000008,-1.0989119467881017,-1.0280955738798179,-1.1999451638038603
jamesle01,LeBron James,val,-1.010635,-1.1205635300000003,-1.3307238487496689,-1.0853089080897247,-1.2213446803759
jamesle01,LeBron James,test,-1.020302,-1.1654375400000003,-1.4932075428096523,-1.1733881905027315,-1.4476690992977255
jamesle01,LeBron James,test,-3.757689,-1.450668770000001,-1.4929143428568135,-1.435071177880849,-1.4972800086309748
jamessi01,Sion James,test,-4.127859,-4.3631831199999995,-4.270502727935152,-4.278326638460227,-4.1775536270366285
jeffeal01,Al Jefferson,train,-2.24223,-2.298968600000003,-2.3775058474858812,-2.3241797291649657,-2.290786131973097
jefferi01,Richard Jefferson,train,-3.615279,-3.337510079999995,-3.016131917134003,-3.236388827358384,-2.9275594567371224
jeffrda01,DaQuan Jeffries,test,-3.934233,-3.915271700000001,-3.6673488446276608,-3.9568527736536265,-3.9832848985278346
jerebjo01,Jonas Jerebko,train,-2.639057,-2.7439362600000017,-2.896559699595776,-2.7678721840022713,-2.987307334099729
jerebjo01,Jonas Jerebko,train,-3.185072,-3.232223229999997,-3.1678183069205863,-3.1781512021644995,-3.122846475165732
jeromty01,Ty Jerome,val,-4.0734,-3.503338440000001,-3.6471645631632676,-3.5680551356678056,-3.5891411856148205
jeromty01,Ty Jerome,test,-2.81977,-2.1892483499999997,-2.494234259124597,-2.3541566071480466,-2.3329441987751958
joeis01,Isaiah Joe,train,-4.356159,-4.343178059999998,-4.408748275735129,-4.381490721174393,-4.425026524948767
joeis01,Isaiah Joe,val,-4.126016,-4.114856980000002,-4.052275797811452,-4.054157923540814,-4.106894240404854
joeis01,Isaiah Joe,test,-2.460927,-2.4689981799999994,-2.077068016556749,-2.421966749099775,-2.285951146888847
johnsal02,Alize Johnson,train,-4.505905,-4.474362939999997,-4.348809822354259,-4.47038294902607,-4.353005901531709
johnsal02,Alize Johnson,train,-4.131628,-4.1938405299999975,-4.23450922000999,-4.147554683079057,-4.220380718840409
johnsam01,Amir Johnson,train,-1.763589,-2.0649446399999984,-2.4262793192576204,-2.0452185056615635,-2.47265484087642
johnsca02,Cameron Johnson,val,-1.750504,-1.8897650900000007,-1.8312424604299613,-1.9458593932033614,-1.8876050274729377
johnsja01,James Johnson,train,-3.227875,-3.1408584900000016,-3.346159454779521,-3.2447311100762692,-3.2708371101531273
johnsja01,James Johnson,train,-1.926518,-1.969710569999998,-2.089239907610852,-2.005582311276643,-2.0587938081725916
johnske07,Keon Johnson,test,-4.132684,-4.097390640000001,-3.944738817972398,-4.185469863668931,-4.242684217925752
johnsst04,Stanley Johnson,train,-3.183785,-3.175789509999999,-3.1961629844722537,-3.1966890037885896,-3.2665569124628897
johnsst04,Stanley Johnson,train,-3.380253,-3.4023072199999986,-3.3997831743286318,-3.4280346239602664,-3.4636097836690865
johnsty01,Tyler Johnson,train,-4.537209,-4.535288100000005,-4.383210765583659,-4.4852652372593935,-4.330503164857198
johnsty01,Tyler Johnson,train,-4.892852,-4.818888140000002,-4.563320986605446,-4.7337050836825405,-4.556746781220656
johnsty01,Tyler Johnson,train,-2.019086,-2.198962409999998,-2.468096114879052,-2.463167054095236,-2.4925313590960303
johnswe01,Wesley Johnson,train,-4.095774,-3.7187874900000026,-3.5798056868865404,-3.7459535794155276,-3.6135127322022154
johnswe01,Wesley Johnson,train,-2.775528,-2.752805140000002,-2.8355409127968345,-2.815128428828073,-2.7971506933880175
jokicni01,Nikola Jokić,train,-3.941011,-3.9732331400000023,-3.895952780166542,-3.9145746256519742,-3.9541147811151047
jokicni01,Nikola Jokić,train,-1.237942,-1.2569146900000008,-1.1007421721525412,-1.270539302328385,-1.1580276517241825
jokicni01,Nikola Jokić,val,-0.901412,-0.9833744899999995,-0.9390155599191016,-0.9864452447504639,-0.9498344972001109
jonesco02,Colby Jones,val,-4.127767,-4.381035580000001,-4.175629248533266,-4.31760600415022,-4.125269423321561
jonesda03,Damian Jones,train,-4.077446,-3.878129300000003,-3.907496579597648,-3.8201101130974524,-3.853371885291714
jonesda03,Damian Jones,val,-3.92345,-3.1295368800000007,-3.2476001058647954,-3.104943504221807,-3.270144787788456
jonesde02,Derrick Jones Jr.,train,-4.419652,-4.120533040000001,-4.075548382895773,-4.248926259028342,-4.017966803740355
jonesde02,Derrick Jones Jr.,train,-4.166263,-4.16433065,-4.104150370443272,-4.128465945628729,-4.0090571466652785
jonesde02,Derrick Jones Jr.,train,-2.442393,-2.7377516200000027,-2.861658325821151,-2.6778219586139453,-2.8411920089951694
jonesde02,Derrick Jones Jr.,val,-3.629652,-3.42073245,-3.740061275556383,-3.5162247812891176,-3.5261406962189903
jonesde02,Derrick Jones Jr.,test,-2.643249,-2.80655653,-2.8045391624845912,-2.790198177167905,-2.688827734178871
joneshe01,Herbert Jones,train,-4.149327,-4.205037780000007,-4.379666760980689,-4.21158531511621,-4.328034968589596
joneshe01,Herbert Jones,val,-2.313273,-2.167874500000001,-1.9811867318587253,-2.1164101552244894,-2.0376647233694247
joneshe01,Herbert Jones,test,-2.021755,-2.30201585,-2.227806512465287,-2.2940055235198447,-2.22907508960311
joneska03,Kam Jones,test,-4.265267,-4.365656870000001,-4.175629248533266,-4.33900870064115,-4.1234998302802515
jonessp01,Spencer Jones,test,-3.365749,-3.5564557799999994,-3.761234078116381,-3.5714196332133596,-3.5508869774663943
jonestr01,Tre Jones,val,-2.661517,-2.6183624199999986,-2.4469487126812868,-2.5988277831989826,-2.557788240101223
jonestr01,Tre Jones,test,-2.961704,-2.7602335,-2.827980825039298,-2.7402034145255105,-2.8402684362068467
jonesty01,Tyus Jones,train,-3.978468,-3.666640610000003,-3.865642411185469,-3.511850896852044,-3.8137713807373967
jonesty01,Tyus Jones,train,-2.51788,-2.536842779999998,-2.5290585025071493,-2.5622838693990975,-2.620207390566539
jonesty01,Tyus Jones,val,-2.143347,-2.98031664,-2.7558580944285787,-2.753562821752269,-2.8369438880765268
jordade01,DeAndre Jordan,train,-1.162009,-1.3530638400000004,-1.458432581949477,-1.3741206145853437,-1.5916736674666094
jordade01,DeAndre Jordan,train,-2.390046,-2.135051180000003,-2.0564746304946855,-2.168505322226758,-1.9386150379932383
jordade01,DeAndre Jordan,test,-3.756431,-3.368207359999999,-3.382929510770735,-3.2214709967222213,-3.4060199401077376
josepco01,Cory Joseph,train,-2.237266,-2.251224050000002,-2.1701389905649773,-2.2745152731575975,-2.2275676858361817
josepco01,Cory Joseph,train,-2.174935,-2.235275540000002,-2.4553885079142623,-2.2871213343633783,-2.412191856005006
josepco01,Cory Joseph,train,-3.105775,-3.0313223699999976,-2.9893479146283486,-3.0185863092522673,-3.00785300748073
josepco01,Cory Joseph,test,-3.72648,-3.3632502800000004,-3.4150422458945906,-3.434863763366213,-3.4867484589023543
juzanjo01,Johnny Juzang,test,-3.895887,-4.163923130000002,-3.988332251424759,-4.133926487304985,-4.0134340601151255
kalkbry01,Ryan Kalkbrenner,test,-4.127859,-4.248573390000002,-4.024602359348399,-4.20118563668812,-4.071920651123295
kaminfr01,Frank Kaminsky,train,-3.266417,-3.250501769999996,-3.4942431376936725,-3.3114585632715396,-3.4670619082257397
kanteen01,Enes Freedom,train,-1.386294,-1.5086378000000005,-1.5596026349164394,-1.5900550382245895,-1.639690219677574
kellyry01,Ryan Kelly,train,-3.584507,-3.553641109999995,-3.465602000214975,-3.511620076458612,-3.3440494347998917
kellyry01,Ryan Kelly,train,-2.19646,-2.527206680000001,-2.5048228101915146,-2.543206755114513,-2.5974085459886855
kellyry01,Ryan Kelly,test,-2.843921,-3.362041909999998,-3.4306856898657823,-3.2320416883350327,-3.4161558111120196
kennalu01,Luke Kennard,train,-2.102363,-2.077376899999998,-1.9195977394397146,-2.073539775956918,-2.069450931534411
kennalu01,Luke Kennard,test,-3.30949,-2.9438207,-3.060522045175128,-2.781350409775509,-2.9368259697139796
kesslwa01,Walker Kessler,test,-1.6593,-1.7683889699999997,-1.5522469751358798,-1.8218834562029498,-1.5694385542080178
kiddgmi01,Michael Kidd-Gilchrist,train,-1.979866,-1.9503450899999977,-1.9396471732111389,-1.9679456635963704,-1.9663082250734982
kilpase01,Sean Kilpatrick,train,-4.342806,-4.411993219999997,-4.356004206323122,-4.412272674397389,-4.393986855526134
kilpase01,Sean Kilpatrick,train,-4.832497,-4.670089449999995,-4.428608530227166,-4.559380991865538,-4.400754366934479
kilpase01,Sean Kilpatrick,train,-3.897751,-3.681152680000005,-3.6801503429418583,-3.652311688808545,-3.6400632651252067
klebima01,Maxi Kleber,train,-4.505304,-4.499190570000007,-4.477371345217565,-4.474780769573791,-4.441942425109827
klebima01,Maxi Kleber,train,-2.50658,-2.436571100000004,-2.3511235490505675,-2.4538353477488624,-2.356338884317014
klebima01,Maxi Kleber,val,-2.514914,-2.52771645,-2.5400584173960588,-2.5904839722973603,-2.6219624210725225
knighbr03,Brandon Knight,train,-1.905758,-1.7449833499999996,-1.473608183927984,-1.7347998734342402,-1.4916909473630335
knighna01,Nathan Knight,val,-4.167778,-3.9755245200000013,-4.150401846096272,-3.9615952023703875,-4.01989664948567
knoxke01,Kevin Knox,val,-3.718883,-4.094550090000001,-4.265062485994665,-4.046543969425171,-4.245229092867205
kolekty01,Tyler Kolek,test,-4.128259,-4.3376958,-4.164995811764766,-4.299054492492628,-4.128195506420294
kolokch01,Christian Koloko,val,-4.259786,-4.335148120000002,-4.332468046374455,-4.335940846776037,-4.321579887360762
konchjo01,John Konchar,train,-3.881701,-4.022783110000003,-4.022852000642388,-4.028649270635482,-4.049286418182159
konchjo01,John Konchar,val,-3.066983,-2.847594449999999,-2.5956905558915824,-2.73774556713662,-2.531082998296396
korkmfu01,Furkan Korkmaz,train,-4.167903,-4.176272130000004,-4.138763047049384,-4.1466013865130416,-4.149234204623621
korkmfu01,Furkan Korkmaz,train,-3.112751,-2.948517920000002,-2.717575927427343,-2.978445842276744,-2.7367106687953835
kornelu01,Luke Kornet,train,-3.881701,-3.7622054400000025,-3.761368883533985,-3.791858587106015,-3.8063483925090944
kornelu01,Luke Kornet,val,-3.995515,-3.9470034900000006,-3.8360218973999487,-3.806384627132654,-3.866966723036829
kornelu01,Luke Kornet,test,-2.721211,-2.284692319999999,-2.0593666012657694,-2.3493308485082443,-2.19523349725047
korveky01,Kyle Korver,train,-2.603629,-2.676495050000004,-2.590063110730068,-2.628629924292519,-2.554862137449075
koufoko01,Kosta Koufos,train,-2.141317,-2.124897369999997,-2.234149477130039,-2.2060352070945166,-2.281773602738056
krejcvi01,Vít Krejčí,train,-4.266347,-4.251602669999999,-4.226128743593592,-4.182102809212019,-4.184506025923968
krejcvi01,Vít Krejčí,test,-4.029543,-4.179756410000001,-3.888411412667019,-3.882181183328227,-3.8552548176699326
kuminjo01,Jonathan Kuminga,test,-1.888409,-2.3618921000000004,-2.4922231794388012,-2.5839811245119084,-2.375723921545069
kurucro01,Rodions Kurucs,train,-4.093059,-4.179072409999996,-4.327139731539942,-4.192624777906157,-4.330877129031704
kuzmaky01,Kyle Kuzma,train,-2.157239,-2.096248280000001,-2.1409195997952972,-2.161218036031745,-2.149376178043517
kuzmaky01,Kyle Kuzma,val,-1.799294,-1.5370319700000001,-1.9036679501582427,-1.7594048498741495,-1.7604133317582116
kuzmimi01,Mindaugas Kuzminskas,train,-3.46301,-3.799239789999999,-4.127764650219856,-3.9104858104178026,-4.236760893568527
lambje01,Jeremy Lamb,train,-2.598905,-2.742772490000001,-2.672485858803919,-2.728379990319163,-2.7309012018475634
lambje01,Jeremy Lamb,train,-2.341256,-2.2168922099999966,-2.0551056399294545,-2.225726173400746,-2.054453489050457
landajo01,Jock Landale,train,-4.503053,-4.462326980000004,-4.451899139025014,-4.370688608570952,-4.298536932877303
landajo01,Jock Landale,val,-2.833368,-2.943039019999999,-2.992390616275522,-2.913123711324418,-2.9400449326711975
laravja01,Jake LaRavia,test,-3.249386,-3.32660146,-3.3182362347494387,-3.2858765189739203,-3.3049137303269243
larkish01,Shane Larkin,train,-3.84303,-3.792952,-4.0944592460346865,-3.7488467317006804,-3.958859711282263
larsspe01,Pelle Larsson,test,-4.358047,-4.39937613,-4.389145766754155,-4.410701973255095,-4.353931297624605
lauvejo01,Joffrey Lauvergne,train,-3.698449,-4.042805259999998,-4.158478650371218,-4.061918236675064,-4.181619360491387
lauvejo01,Joffrey Lauvergne,train,-4.132325,-3.9882319599999985,-3.7767322992292502,-3.9276642995476188,-3.7989774666604545
lavinza01,Zach LaVine,train,-3.402229,-3.3260884499999985,-3.152399435481849,-3.3050113517142856,-3.25939519180049
lavinza01,Zach LaVine,train,-1.653273,-1.750395450000002,-1.6709176648999542,-1.807677127202382,-1.6657583079754728
lavinza01,Zach LaVine,val,-1.055551,-1.2486219,-1.2007940167074997,-1.2881007508685323,-1.2765208745287047
laymaja01,Jake Layman,train,-4.390664,-4.488471429999997,-4.284529863626394,-4.458493637900225,-4.322202926789113
laymaja01,Jake Layman,train,-3.366441,-3.1404869200000025,-3.152629332607241,-3.2203500399467098,-3.0703062681383617
leeco01,Courtney Lee,train,-2.059908,-2.0875706100000024,-2.093710235309676,-2.13137311256916,-2.1603931244928254
leeda03,Damion Lee,train,-4.866399,-4.808909819999999,-4.41209763298087,-4.7644258089529465,-4.425175685644048
leesa01,Saben Lee,train,-4.183748,-3.9022418899999987,-4.211904410237008,-4.024195789240927,-4.080027102630904
lenal01,Alex Len,train,-3.175593,-3.074096759999998,-2.952927785861045,-3.0620183857874133,-2.9593734488292553
lenal01,Alex Len,train,-3.38063,-3.2868485199999986,-3.0965749473759736,-3.2210867854920635,-3.051695932057541
leonaka01,Kawhi Leonard,train,-1.311452,-1.3222305900000015,-1.2920592654188279,-1.3517459635975566,-1.3046466600744486
leonaka01,Kawhi Leonard,train,-1.155156,-1.1238029300000008,-1.1367924805363672,-1.1411302557732441,-1.202659882147287
leonaka01,Kawhi Leonard,train,-0.936466,-0.9743094599999997,-1.002570636059814,-0.9862671394044534,-1.0916050147560845
leonaka01,Kawhi Leonard,test,-1.132394,-1.1694234700000004,-1.2246243664950296,-1.2548365930424132,-1.2744819271654595
leoname01,Meyers Leonard,train,-2.217537,-2.1888615699999967,-2.0560560099531675,-2.256936522526647,-2.13451941655418
leuerjo01,Jon Leuer,train,-2.19344,-2.3087875200000023,-2.5542924870951036,-2.358470923874152,-2.4286485969470473
leverca01,Caris LeVert,train,-1.830431,-1.9158637100000022,-1.9932979441205583,-1.9751607748146252,-2.054787526632729
leverca01,Caris LeVert,val,-2.140221,-2.830302099999999,-2.529914321870068,-2.462742749615648,-2.568366933736254
leverca01,Caris LeVert,test,-2.370105,-2.676185290000001,-2.6554844324907303,-2.581071279896824,-2.6472864736789323
liggide01,DeAndre Liggins,train,-4.449734,-4.212363169999994,-4.275079903742533,-4.2161693360187105,-4.232742201556171
lillada01,Damian Lillard,train,-1.213396,-1.2558149100000018,-1.1851300067573483,-1.2374893492647918,-1.2110860214287276
lillada01,Damian Lillard,train,-0.908442,-0.9354219799999991,-1.0395342955419418,-0.9487481078452877,-1.052906462254784
lillada01,Damian Lillard,val,-0.882292,-1.5031276200000008,-1.5738616837239487,-1.729121281642858,-1.6038704533042598
lillada01,Damian Lillard,test,-2.402088,-1.1749167900000008,-1.4010814343576503,-1.207743254550454,-1.4149544775649159
linje01,Jeremy Lin,train,-3.466879,-3.233609300000002,-3.1261066593264832,-3.247316528637186,-3.0355688904143228
linje01,Jeremy Lin,train,-1.997977,-2.0828832899999994,-2.3010367535673635,-2.1150894837329943,-2.323849834497029
littlna01,Nassir Little,val,-2.966899,-2.5815477400000004,-2.407507160791958,-2.4955274240391128,-2.454181003980711
liveris01,Isaiah Livers,train,-4.325652,-4.290587569999997,-4.3361791954974915,-4.32566256977381,-4.330553684782059
livinsh01,Shaun Livingston,train,-2.43157,-2.4120989599999976,-2.449369538274044,-2.4281062356978462,-2.410274025508939
livinsh01,Shaun Livingston,train,-2.529618,-2.69570282,-2.7333108830497874,-2.702447980053855,-2.8568812854076513
looneke01,Kevon Looney,train,-4.104395,-3.949722430000004,-3.8045666496503037,-3.866773221461453,-3.477309587907929
looneke01,Kevon Looney,train,-3.119166,-2.9406828000000025,-2.768441379909894,-2.925144231816893,-2.7080818732268437
looneke01,Kevon Looney,val,-2.802592,-2.556008830000001,-2.466656929199492,-2.6194804363758513,-2.520777990390586
looneke01,Kevon Looney,test,-2.961704,-2.9892324099999996,-2.6086858030334814,-2.737477410851473,-2.795821358264186
lopezbr01,Brook Lopez,train,-1.196068,-1.3692773199999988,-1.6204697848135705,-1.4661530213248277,-1.6179195899046313
lopezbr01,Brook Lopez,train,-2.127682,-2.020274549999998,-1.8120344972215061,-2.0246687749625876,-1.837770766225461
lopezbr01,Brook Lopez,val,-1.734755,-2.0057142900000007,-2.0924640504545655,-1.932384696462585,-1.9131287464501603
lopezbr01,Brook Lopez,test,-2.847259,-2.0204156499999995,-1.9960528468372472,-2.062277068223717,-2.008939543593876
lopezro01,Robin Lopez,train,-1.645806,-1.7324547899999982,-1.7826518319729896,-1.7838445468395672,-1.823451050368146
lopezro01,Robin Lopez,train,-3.106462,-3.0910597499999994,-3.0651850158306164,-3.0504514395494224,-3.018564594321941
loveke01,Kevin Love,train,-1.425097,-1.3845857399999986,-1.4278872382426435,-1.3872808175686462,-1.375919765261851
loveke01,Kevin Love,train,-1.288106,-1.4240743199999997,-1.386275487381001,-1.4546291692568016,-1.440229627864833
loveke01,Kevin Love,val,-3.54417,-2.7766563900000008,-3.0940335249928452,-2.772378884114513,-2.937129555960806
loveke01,Kevin Love,test,-3.559539,-2.9559275599999997,-2.869887737155906,-2.7768247273356033,-2.8798838192786
lowryky01,Kyle Lowry,train,-1.659259,-1.5626278200000003,-1.424832487072956,-1.5543132511502784,-1.4378529569322185
lowryky01,Kyle Lowry,train,-1.089501,-1.1045430899999997,-1.1601153111943243,-1.0969671840085047,-1.2641103462859398
lowryky01,Kyle Lowry,train,-1.37815,-1.4888326600000017,-1.6505563352595283,-1.5471016399761908,-1.5788089094979212
lylestr01,Trey Lyles,train,-3.419943,-3.299321559999998,-3.444151500991314,-3.324589585234132,-3.356911190309131
lylestr01,Trey Lyles,train,-2.987883,-3.1548039000000045,-3.1785741018276292,-3.094008085362245,-3.2044102440288498
lylestr01,Trey Lyles,train,-3.78023,-3.8031987600000012,-3.79339376143028,-3.7441132103826535,-3.72024777484099
lylestr01,Trey Lyles,val,-2.833368,-3.011096799999999,-3.0842017794736036,-3.0414438332579357,-3.0859788254742293
macksh01,Shelvin Mack,train,-3.254904,-2.9510083200000032,-3.0599091094068176,-3.021825257118581,-3.0304701606627256
macksh01,Shelvin Mack,train,-2.804299,-3.064256209999998,-3.2720721238163817,-3.049764520433106,-3.317034557620527
mahinia01,Ian Mahinmi,train,-1.772226,-1.846753099999999,-1.965032395364314,-1.910487925532884,-1.924620974890177
maledth01,Théo Maledon,train,-4.016291,-4.2006123400000055,-4.080385099295576,-4.201299327549112,-4.226394946363874
mamuksa01,Sandro Mamukelashvili,test,-4.074161,-3.724516160000002,-3.9407795472276153,-3.59530688906179,-3.659429837994518
mamuksa01,Sandro Mamukelashvili,test,-2.571506,-2.1688744900000003,-2.4381398696619274,-2.2705884677261947,-2.2730346195186573
mannte01,Terance Mann,train,-4.332629,-4.337376969999998,-4.362756826362635,-4.331580309430526,-4.352062111049879
mannte01,Terance Mann,train,-2.4196,-2.6493379200000016,-2.8506048888770175,-2.6363144116281174,-2.9020847749407306
mannte01,Terance Mann,test,-2.28961,-2.662961580000001,-2.47295476958789,-2.537019948851009,-2.391932500162646
manntr01,Tre Mann,test,-2.961704,-2.6975491000000016,-3.082254438597723,-2.9116229114739234,-3.079574285952076
marjabo01,Boban Marjanović,train,-2.598905,-2.8928768800000007,-2.825612023454481,-2.8422233595891058,-2.9136196757744703
marjabo01,Boban Marjanović,train,-3.439868,-3.4489003399999967,-3.375620697031317,-3.3933563378968206,-3.333491742481538
marjabo01,Boban Marjanović,train,-3.469426,-3.4768701099999997,-3.493427494171057,-3.53929304663889,-3.5202199201064936
markkla01,Lauri Markkanen,train,-1.8968,-1.881965760000003,-1.889874242060599,-1.9477127273543098,-1.7896526081506343
marshna01,Naji Marshall,test,-2.748609,-2.904165299999999,-2.831374321780266,-2.85037455719728,-2.906522446492998
marshna01,Naji Marshall,test,-2.38183,-2.0074614799999995,-2.0424771750450534,-2.0529353464096656,-2.0205752732176907
martica02,Caleb Martin,train,-4.356159,-4.341053699999997,-4.430723341472999,-4.32702232796696,-4.347422016394561
martica02,Caleb Martin,val,-2.900083,-2.738974839999999,-2.8210980458009884,-2.6666118282447946,-2.767266908675346
martica02,Caleb Martin,test,-2.775638,-2.2298721299999995,-2.2864500882360472,-2.3418791129347554,-2.2838569086116016
martico01,Cody Martin,train,-4.293855,-4.3035284800000015,-4.31527213579185,-4.31068822612456,-4.271583642137391
martico01,Cody Martin,val,-2.758257,-2.336507890000001,-2.254331957637657,-2.350018158058956,-2.233655134047224
martija01,Jarell Martin,train,-4.017384,-3.951661309999997,-3.8973261594630193,-3.939869783390309,-3.9029946150821426
martike03,Kelan Martin,train,-4.238376,-4.243454790000004,-4.383084156977168,-4.261766512138886,-4.370997726737301
martike04,KJ Martin,train,-4.265731,-4.315620390000001,-4.167962420418038,-4.207271171858273,-4.130059449478579
martity01,Tyrese Martin,val,-4.502685,-4.394398840000001,-4.3223442585410305,-4.381107312040809,-4.252220764078758
masonfr01,Frank Mason III,train,-4.26436,-4.309821820000003,-4.3829789753340735,-4.304515933643426,-4.406570017397388
matkoka01,Karlo Matković,test,-4.358047,-4.2504219500000024,-4.234771919811984,-4.102142702959748,-4.2432753995126
matthwe02,Wesley Matthews,train,-1.386294,-1.4372735800000016,-1.466057663544249,-1.4442783311295602,-1.4989921240389226
matthwe02,Wesley Matthews,train,-3.725648,-3.475769269999997,-3.124516087727075,-3.260755050681972,-3.0535632449911145
maxeyty01,Tyrese Maxey,test,-1.237887,-1.15230327,-1.0820201799083389,-1.2168218729506806,-1.166843704807498
mbahalu01,Luc Mbah a Moute,train,-3.733885,-3.6784883899999943,-3.657753761045911,-3.5933693770804997,-3.63127858413201
mcadoja01,James Michael McAdoo,train,-4.931692,-4.8283803999999995,-4.707493711642159,-4.7508475529404715,-4.676567278889537
mcbrimi01,Miles McBride,train,-4.357545,-4.351862760000003,-4.36486613067212,-4.348742498726753,-4.3730552724678935
mcbrimi01,Miles McBride,val,-3.479497,-4.13545487,-3.7369556318275343,-3.891235800107146,-3.940009218811951
mccaija01,Jared McCain,test,-3.364354,-4.559090049999998,-4.175629248533266,-4.369109869377546,-4.1449865184035755
mccawpa01,Patrick McCaw,train,-4.873319,-4.716200309999994,-4.520419132212419,-4.713953850639443,-4.503717187144961
mccawpa01,Patrick McCaw,train,-3.525075,-3.562327929999999,-3.577784701986598,-3.6303866565572616,-3.5879985856048657
mccawpa01,Patrick McCaw,train,-3.306337,-3.52168301,-3.7905825530398904,-3.5648380211175983,-3.835737442918841
mccolcj01,CJ McCollum,train,-1.318914,-1.454752440000002,-1.3819516085318613,-1.4606366612006285,-1.4540094794162068
mccolcj01,CJ McCollum,train,-1.186074,-1.278628400000001,-1.2985540928399921,-1.3151921803560085,-1.405770289707254
mccolcj01,CJ McCollum,val,-1.447073,-1.5360803800000005,-1.6802968860844114,-1.6970944277922093,-1.6427170018834596
mccontj01,T.J. McConnell,train,-3.439868,-3.3423772799999965,-3.163717291866,-3.3250402303798214,-3.1587336049625723
mccontj01,T.J. McConnell,train,-2.593957,-2.380314599999998,-2.125657545651564,-2.3907439522998835,-2.109372619275186
mccontj01,T.J. McConnell,test,-2.620777,-2.2661101999999995,-2.1395265117659923,-2.3131403183799097,-2.124148815223253
mcculch01,Chris McCullough,train,-4.095774,-3.9852092600000035,-3.87030993673469,-3.8443866079557836,-3.8251104413164727
mcdanja01,Jalen McDaniels,train,-4.265731,-4.266416430000004,-4.129386237638774,-4.241068086942735,-4.075571697251136
mcdanja01,Jalen McDaniels,val,-3.380252,-3.2575602700000004,-3.144524222762554,-3.2214648700119053,-3.1253696697625344
mcdanja02,Jaden McDaniels,val,-1.680074,-1.85880243,-1.7552523754113654,-1.9250624260680274,-1.7957076371034977
mcdankj01,K.J. McDaniels,train,-3.066768,-3.3630078300000013,-3.6365117830465437,-3.5485154231156475,-3.794410487933173
mcderdo01,Doug McDermott,train,-3.298298,-3.478505299999996,-3.887762894040305,-3.556134721071217,-3.8413627779161477
mcderdo01,Doug McDermott,train,-2.631258,-2.656678850000002,-2.765909481510109,-2.6867820218180274,-2.788227908132872
mcderdo01,Doug McDermott,train,-2.083131,-2.094038250000001,-2.2090708871420506,-2.172877358565191,-2.143869484038265
mcgeeja01,JaVale McGee,train,-3.281644,-3.113743280000003,-2.995614864904528,-2.9413571356513577,-2.844673119560208
mcgeeja01,JaVale McGee,val,-3.071198,-2.5362011999999994,-2.563737049350823,-2.63934992826891,-2.4862875744582076
mcgruro01,Rodney McGruder,train,-4.727136,-4.684617709999991,-4.502487668125819,-4.709410368745662,-4.466417640273123
mcgruro01,Rodney McGruder,train,-3.083194,-2.9659140199999983,-2.8038879823965783,-2.9628527624994336,-2.8718402986777853
mckinal01,Alfonzo McKinnie,train,-4.505304,-4.500679560000007,-4.421509308594199,-4.460020482921035,-4.398662853353019
mckinal01,Alfonzo McKinnie,train,-4.238425,-4.235418830000004,-4.286698044383123,-4.233302328217116,-4.3092548447335135
mckinal01,Alfonzo McKinnie,train,-4.091051,-3.8865090499999972,-3.586856748404698,-3.7755245569410443,-3.4727245830805833
mclaujo01,Jordan McLaughlin,train,-3.95208,-3.729912340000003,-3.4803135166683634,-3.6997074959376364,-3.545748184683069
mclembe01,Ben McLemore,train,-2.922708,-3.014699019999999,-3.358293587011353,-3.1739660899229025,-3.368904606139728
mclembe01,Ben McLemore,train,-3.927164,-3.9125369800000023,-3.9490735480642245,-3.859796700074265,-3.9547092269117323
mcrobjo01,Josh McRoberts,train,-2.4103,-2.280392690000002,-2.2262523006150774,-2.262590938189342,-2.1443936326118616
meeksjo01,Jodie Meeks,train,-2.30839,-2.1943915600000015,-2.0847248750459406,-2.147832981895081,-2.035374298567887
meeksjo01,Jodie Meeks,train,-3.387098,-3.3288380099999983,-3.3382544755113344,-3.2870382558278686,-3.333535031716341
mejrisa01,Salah Mejri,train,-4.471639,-4.266323719999996,-4.088704002817871,-4.238425195707481,-4.185997140148111
mellini01,Nicolò Melli,train,-3.306337,-3.687652250000001,-4.144428624353716,-3.880658710749426,-4.231040147425046
meltode01,De'Anthony Melton,train,-4.445541,-4.553036319999997,-4.4009531118313685,-4.504807747824257,-4.372696983777104
meltode01,De'Anthony Melton,train,-2.535072,-2.648661650000004,-2.8553170553990355,-2.785054235563493,-2.7931338972983424
meltode01,De'Anthony Melton,test,-3.857885,-3.1531633799999987,-3.0606483111007043,-2.8886613768236993,-3.101523593833087
meltode01,De'Anthony Melton,test,-3.30949,-3.259572689999999,-3.382009296201416,-3.0497695278918777,-3.266101940812172
merrisa01,Sam Merrill,train,-4.51031,-4.474719570000002,-4.480028427855041,-4.487745359678005,-4.47252370946299
merrisa01,Sam Merrill,val,-4.167778,-4.15610372,-4.287003175372257,-4.150822750505667,-4.274685660878125
merrisa01,Sam Merrill,test,-2.789853,-2.572539170000001,-2.4684637197050323,-2.5359743906286862,-2.4643425420029703
metuch01,Chimezie Metu,train,-4.361323,-4.371600120000007,-4.315823407444096,-4.354818274976761,-4.326007825085546
metuch01,Chimezie Metu,train,-4.125426,-4.143446780000001,-4.178969594376472,-4.129841606445733,-4.244940013921874
micicva01,Vasilije Micić,val,-2.851871,-3.79417917,-3.9475876800822385,-3.9903211246728927,-4.2162833319313755
middlkh01,Khris Middleton,train,-1.609438,-1.6577848200000012,-1.640574572272599,-1.6725637111167797,-1.6854719978676376
middlkh01,Khris Middleton,train,-1.123099,-1.2675919399999995,-1.4518898312590909,-1.2916479034778903,-1.4719707372710793
middlkh01,Khris Middleton,val,-1.478822,-1.9877115400000003,-2.3309548384694576,-2.253370865990929,-2.1696815095762587
middlkh01,Khris Middleton,test,-3.366601,-2.8409091799999984,-2.44482959178834,-2.7058040537363923,-2.4773175264699963
milescj01,C.J. Miles,train,-2.642313,-2.5496226500000008,-2.48375779529848,-2.571494641182543,-2.4661948715100173
milescj01,C.J. Miles,train,-2.475795,-2.502138160000002,-2.499773425380712,-2.5257328226876417,-2.508772497552971
milleda01,Darius Miller,train,-4.195459,-4.108318700000003,-4.222907537994786,-4.1378433471548055,-4.183391651521699
milleda01,Darius Miller,train,-2.729022,-2.9624483999999955,-3.1025087703768985,-2.933117667625283,-3.2069307790882697
millejo02,Jordan Miller,test,-3.507215,-2.746968819999999,-2.7550037425689453,-2.7431561936409508,-2.797444347429701
millele01,Leonard Miller,val,-4.180441,-4.476225760000002,-4.157206544795866,-4.3105267164954615,-4.099398681298924
millemi01,Mike Miller,train,-3.116334,-3.038393409999998,-2.9329895412964606,-2.981120743076531,-2.956553043076032
millemi01,Mike Miller,train,-3.628524,-3.502707670000005,-3.488525117607965,-3.4637002255130414,-3.4352287076594075
millspa01,Paul Millsap,train,-1.249435,-1.2934568200000016,-1.311462057003083,-1.3269211941274475,-1.305413698476651
millspa01,Paul Millsap,train,-1.178332,-1.40700387,-1.5057911812958529,-1.3731043362495345,-1.4949939465598139
millspa02,Patty Mills,train,-2.677829,-2.62881058,-2.5605264999487973,-2.6386838826764616,-2.5507106382637796
millspa02,Patty Mills,train,-2.111152,-2.2125636100000015,-2.130545048559863,-2.226822076817461,-2.20119095413121
millspa02,Patty Mills,train,-2.924613,-2.982690430000001,-3.099415392120401,-2.9448279374603175,-3.0614329391014032
millspa02,Patty Mills,val,-2.924383,-3.0296614500000003,-3.0212323430768526,-2.9865319870141738,-3.015352630383653
miltosh01,Shake Milton,val,-3.303371,-3.1463572699999993,-3.13741168153814,-3.202532701517575,-3.1656705471505107
miltosh01,Shake Milton,test,-3.8296,-3.2854248599999982,-2.9677558472942067,-3.260693060415277,-3.033945505163408
minotjo01,Josh Minott,val,-4.266488,-4.011861360000001,-3.742723551366633,-3.999404370859411,-3.7147183231304393
minotjo01,Josh Minott,test,-4.132887,-3.910872809999998,-4.067746443910409,-3.951400791345448,-4.007289353849476
minotjo01,Josh Minott,test,-3.632378,-3.54983299,-3.6073413574907236,-3.5254101269739273,-3.530824060841782
mirotni01,Nikola Mirotić,train,-2.433376,-3.145776200000003,-4.171209720503271,-3.367270804932326,-4.063511418504333
mitchaj01,Ajay Mitchell,test,-3.976434,-3.7105212700000005,-3.997313975171169,-3.9375237582371634,-3.8658429286230365
mitchda01,Davion Mitchell,test,-2.556238,-3.1688022399999993,-3.2723590230510635,-3.153098004492064,-3.1398550705149515
mitchdo01,Donovan Mitchell,train,-1.237876,-1.2356056599999998,-1.1882139591647423,-1.257439575866213,-1.1561185985934161
mitchdo01,Donovan Mitchell,test,-1.126991,-1.1141322400000002,-1.0671850741742328,-1.1278335822721608,-1.1219738447241494
mitchdo01,Donovan Mitchell,test,-1.009688,-0.9734385700000001,-0.9660581818541449,-1.0184889334875282,-1.0197583944202941
monkma01,Malik Monk,val,-2.544339,-2.52849255,-2.3313027457082165,-2.5171220713758498,-2.5029031094196648
monkma01,Malik Monk,test,-1.975676,-1.9824551699999993,-2.0648024801379834,-1.9891504493236967,-1.9678619883476332
monrogr01,Greg Monroe,train,-1.407469,-1.4406583400000001,-1.4557414933847312,-1.4866019111540913,-1.499878987709782
mooreet01,E'Twaun Moore,train,-4.164369,-3.9847537400000026,-3.7873101784722496,-3.963713751063132,-3.8157174708687474
mooreet01,E'Twaun Moore,train,-2.404749,-2.492007230000003,-2.7457651323290144,-2.53278691704195,-2.7248745983684612
moranja01,Ja Morant,val,-1.237877,-1.0590717399999998,-0.981112158210564,-1.1215711328577098,-1.04527733854175
moreler01,Eric Moreland,train,-4.39691,-4.343907339999996,-4.308058395984809,-4.300221665603725,-4.233673224572954
moreler01,Eric Moreland,train,-3.993566,-4.103910619999994,-4.114333834222396,-4.018953685317405,-4.140792353331757
morrima02,Markieff Morris,train,-2.169054,-2.062104419999998,-1.8670309104685208,-2.0211749070130414,-1.8713422485760791
morrima02,Markieff Morris,train,-3.504788,-3.1695256599999997,-2.911811727766914,-3.166704251832094,-2.8936508641358785
morrima03,Marcus Morris,train,-2.639057,-2.430906770000001,-2.23697695349295,-2.420199786368486,-2.1623291587770175
morrima03,Marcus Morris,train,-1.920043,-1.8601992800000005,-1.7436355974116793,-1.8714874762284597,-1.735355561131097
morrimo01,Monte Morris,train,-4.183285,-4.216254860000004,-4.191950277741972,-4.220890901596368,-4.136653525830615
morrimo01,Monte Morris,train,-2.496844,-2.479742610000003,-2.5239352856566537,-2.4789758059149656,-2.4413928514177328
morroan01,Anthony Morrow,train,-2.940193,-2.885100959999998,-2.9995722813254693,-2.927731886509073,-2.995834041983616
mozgoti01,Timofey Mozgov,train,-1.772226,-1.9125120599999976,-1.9280393863165877,-2.0091839574966013,-2.0615112582224433
mudiaem01,Emmanuel Mudiay,train,-3.094764,-3.3034794399999994,-3.410562950598864,-3.346945841284018,-3.6000492935012693
muhamsh01,Shabazz Muhammad,train,-4.074293,-3.7244677100000043,-3.3039873367244663,-3.665143165192744,-3.2702662646127503
murrade01,Dejounte Murray,train,-4.081081,-3.9626245699999987,-3.9501720037505765,-4.057804211054423,-3.880028981564087
murrade01,Dejounte Murray,train,-1.920043,-2.0901791699999994,-2.299170214930901,-2.134302707842972,-2.322961221584367
murrade01,Dejounte Murray,val,-1.593826,-1.66013945,-1.5885318086221258,-1.6470095367855608,-1.5405737164164515
murraja01,Jamal Murray,train,-1.025742,-1.2255062699999988,-1.407789658140667,-1.2417959122057811,-1.3956442414295986
murraja01,Jamal Murray,test,-1.090623,-1.3032156299999997,-1.303529872384353,-1.3418746546717688,-1.2686041494352382
muscami01,Mike Muscala,train,-2.986621,-3.0218867500000037,-2.9927594573560423,-2.9859424079508337,-3.0236951712253486
muscami01,Mike Muscala,train,-3.927164,-3.65257453,-3.4322589125751337,-3.6508609478741554,-3.3101496252256064
muscami01,Mike Muscala,train,-3.469426,-3.345961729999999,-3.388448499982151,-3.308402174228353,-3.3262780508858363
muscami01,Mike Muscala,val,-3.564732,-3.2856147200000017,-3.3074940677296563,-3.2188688972646333,-3.3063713005914246
mykhasv01,Svi Mykhailiuk,train,-4.252124,-4.187378619999999,-4.048636691665798,-4.259464598823126,-4.046268651048806
mykhasv01,Svi Mykhailiuk,train,-4.131628,-3.7475583599999966,-3.9281393960783233,-3.8317936648888886,-3.7201613205176733
mykhasv01,Svi Mykhailiuk,test,-3.62075,-3.5766706300000015,-3.3289858055516843,-3.2905739197824655,-3.2200841943407084
naderab01,Abdel Nader,train,-4.269156,-4.264267220000005,-4.260879000322833,-4.215086142791434,-4.260198653740861
naderab01,Abdel Nader,train,-3.989821,-3.8795526300000027,-3.762936540038332,-3.870523706172234,-3.720339220447203
nancela02,Larry Nance Jr.,train,-4.082981,-3.842112820000001,-3.9713389739287175,-3.864429393747159,-3.9138301223688376
nancela02,Larry Nance Jr.,train,-2.276718,-2.2851642999999977,-2.079460756421278,-2.2453073847800438,-2.082026841059892
nancela02,Larry Nance Jr.,val,-2.53419,-2.6722160199999996,-2.731951632953648,-2.7284256482636042,-2.6988536895792383
nancepe01,Pete Nance,test,-4.163784,-4.17483683,-4.324994987115659,-4.136412185089611,-4.267050866806825
napiesh01,Shabazz Napier,train,-3.909094,-3.871210379999999,-4.007645864578566,-3.943636172442481,-3.970210260682266
nelsoja01,Jameer Nelson,train,-3.116334,-2.9829897299999972,-2.891181408322453,-2.809953857534584,-2.8976831145926094
nelsoja01,Jameer Nelson,train,-2.737038,-2.7015021400000023,-2.744020813217075,-2.7476375915612254,-2.728272536301207
nembhan01,Andrew Nembhard,val,-4.054356,-4.3389508600000015,-4.193780862827613,-4.308495003777206,-4.142912953955043
nembhan01,Andrew Nembhard,test,-2.06817,-2.3367699700000015,-2.40232516623498,-2.5189840300737,-2.383625743872343
nesmiaa01,Aaron Nesmith,val,-2.547938,-2.63017554,-2.5669465858128233,-2.548018967768707,-2.6580798252632305
nesmiaa01,Aaron Nesmith,test,-2.13102,-2.8786819599999984,-2.8679692110482664,-2.8001540902726796,-2.8442486634012365
netora01,Raul Neto,train,-4.353856,-4.335901880000002,-4.149470904913641,-4.299344119524379,-4.17228201531654
netora01,Raul Neto,train,-3.83523,-3.8378522500000036,-3.7199930766967055,-3.79725807135601,-3.7421610340749982
niangge01,Georges Niang,train,-4.727136,-4.607207309999993,-4.315823407444096,-4.564942784732418,-4.320010710226152
niangge01,Georges Niang,train,-4.124935,-4.045739889999997,-4.240012048904311,-4.1070519284988665,-4.247707059879074
niangge01,Georges Niang,train,-3.513228,-3.484620020000002,-3.444834478035361,-3.5008260507834486,-3.37939774982026
niangge01,Georges Niang,val,-2.772743,-2.9271269999999987,-2.8032842763774517,-2.96267704475634,-2.7169593944136325
nichoan01,Andrew Nicholson,train,-2.673013,-2.848794300000002,-3.0310809580307527,-2.824768608867601,-3.0684857512223136
noahjo01,Joakim Noah,train,-1.646282,-1.7662935100000028,-1.9201596165611061,-1.9515327477562399,-2.0817055073364847
noelne01,Nerlens Noel,train,-3.995079,-3.687069029999996,-3.5399102262020063,-3.690490592710319,-3.3823885864651526
noelne01,Nerlens Noel,train,-2.496844,-2.5255726300000036,-2.4906520865966946,-2.4991044425615354,-2.442612934806274
noguelu01,Lucas Nogueira,train,-3.556379,-3.5133929499999983,-3.705749816928739,-3.5477711810266443,-3.7642381986274938
nowelja01,Jaylen Nowell,train,-6.147919,-5.27182316,-4.358382338535437,-4.899267492198408,-4.372156376556701
nowitdi01,Dirk Nowitzki,train,-2.023902,-1.7668866800000003,-1.5750759984644898,-1.6292313528849198,-1.5535011806578098
ntilila01,Frank Ntilikina,train,-4.075085,-4.097101600000001,-4.3272464759755165,-4.029778073515868,-4.339529338346667
nunnke01,Kendrick Nunn,train,-3.088058,-2.952931209999997,-2.999572459958119,-2.942257306636567,-2.883037286008383
nurkiju01,Jusuf Nurkić,train,-3.556379,-3.4691394600000005,-3.5823559933480245,-3.4009863144396695,-3.6095104868051373
nurkiju01,Jusuf Nurkić,train,-2.138781,-1.9867952799999977,-1.7713439946269114,-2.005115599118482,-1.7533550853286175
nurkiju01,Jusuf Nurkić,val,-1.955295,-1.9273682200000002,-1.8905182661963127,-1.9511247352165524,-1.9451935654132275
nurkiju01,Jusuf Nurkić,test,-2.73856,-2.8086796099999987,-2.814501363613495,-2.6875819248905866,-2.7817312825372604
nwabada01,David Nwaba,train,-4.959902,-4.4687953,-4.508793879773158,-4.6390026117286665,-4.442609089668749
nwabada01,David Nwaba,train,-4.133016,-3.8390726799999983,-3.64295512110691,-3.8867367129926738,-3.608677678921438
nwabada01,David Nwaba,train,-3.112751,-3.0369028500000006,-3.241272117058978,-3.0727191447107804,-3.189063807779008
nworajo01,Jordan Nwora,train,-4.51031,-4.452418890000003,-4.4550674373139705,-4.4651260874971666,-4.4661037293931924
nworajo01,Jordan Nwora,val,-3.752785,-4.096146660000002,-4.042104243348088,-4.01388936739626,-4.044516605770243
obryajo01,Johnny O'Bryant,train,-4.354887,-4.258866040000004,-4.144183812392014,-4.18709857579818,-4.111844622726533
obryajo01,Johnny O'Bryant,train,-4.764477,-4.483389880000002,-4.47153558810857,-4.500818322544777,-4.391349779900629
ojelese01,Semi Ojeleye,train,-4.238384,-4.284626329999999,-4.315823407444096,-4.284930087446141,-4.311056310072744
okafoja01,Jahlil Okafor,train,-2.704129,-2.9041061800000008,-3.115831669571121,-3.002762975815801,-3.2645289434363596
okafoja01,Jahlil Okafor,train,-3.996987,-3.6762485199999957,-3.497822321517403,-3.7333444400130404,-3.5379102201935906
okoboel01,Elie Okobo,train,-4.263685,-4.277626440000003,-4.397013797233093,-4.312675825985822,-4.391018641676861
okogijo01,Josh Okogie,val,-3.853284,-3.1702286199999996,-3.612174434721292,-3.2088621033724474,-3.459824384202087
okogijo01,Josh Okogie,test,-2.866392,-3.2204057899999996,-3.4699339860502008,-3.4386171207676757,-3.4166218789369487
okogijo01,Josh Okogie,test,-3.344696,-3.115135010000001,-3.1627699470423996,-3.130043948397495,-3.169893327677044
okongon01,Onyeka Okongwu,val,-2.205316,-2.06598974,-2.0209971769559294,-2.0870133590351485,-2.0037293185507727
okorois01,Isaac Okoro,test,-2.547938,-2.350688600000001,-2.2534822664119103,-2.350089355154761,-2.2685132577320823
okpalkz01,KZ Okpala,train,-4.356159,-4.3575596299999955,-4.400548293224124,-4.396376703029471,-4.372073505276551
okpalkz01,KZ Okpala,val,-4.131877,-4.31710379,-4.3887803999787645,-4.271274100906508,-4.325404903764859
oladivi01,Victor Oladipo,train,-1.539702,-1.5717000900000013,-1.4974273001376646,-1.543274623786847,-1.482402503928585
oladivi01,Victor Oladipo,val,-2.609221,-3.282044439999999,-3.123157835710627,-3.0286474841541993,-3.2500751400379384
olynyke01,Kelly Olynyk,train,-2.07033,-2.1464982400000023,-2.10184741799711,-2.132574228024942,-2.1094600132981314
olynyke01,Kelly Olynyk,train,-2.204492,-2.160574229999998,-2.0650414975313187,-2.1499924618560087,-2.063072009672347
olynyke01,Kelly Olynyk,test,-2.466626,-2.7855061299999995,-2.74086100709314,-2.662581452998863,-2.6322717363635295
onealro01,Royce O'Neale,train,-4.35967,-4.370429809999997,-4.388522893684037,-4.343597739714956,-4.390560401812716
onealro01,Royce O'Neale,train,-2.524964,-2.4357073700000025,-2.1812015546574037,-2.386025249071994,-2.1217634717006435
onealro01,Royce O'Neale,test,-2.594458,-2.3548901500000006,-2.2104456309962184,-2.357604879730725,-2.192842233025234
onimi01,Miye Oni,train,-4.356159,-4.255492179999997,-4.305909987496396,-4.300484765924452,-4.287750861144695
oquinky01,Kyle O'Quinn,train,-2.862201,-2.695579400000001,-2.539161785802208,-2.698671484371883,-2.518558359666891
osmande01,Cedi Osman,train,-2.641075,-2.550721970000001,-2.3751588323278248,-2.4958678549654216,-2.3784999733864107
oubreke01,Kelly Oubre Jr.,train,-3.573003,-3.6035650599999975,-3.5757137373161196,-3.6196393118820858,-3.5489764927113705
oubreke01,Kelly Oubre Jr.,train,-1.984581,-2.154600239999999,-2.32496931144079,-2.2543638325742643,-2.394231759539633
oubreke01,Kelly Oubre Jr.,train,-2.19646,-2.147084310000001,-2.244015292164803,-2.260895321939909,-2.2654208885944116
oubreke01,Kelly Oubre Jr.,test,-2.847816,-2.32697684,-2.3554817729447817,-2.321745492401316,-2.334069148252124
oubreke01,Kelly Oubre Jr.,test,-3.026242,-2.154041059999999,-2.1648145151560105,-2.2732214917120186,-2.1529409165824047
parkeja01,Jabari Parker,train,-2.52676,-2.7496589399999993,-3.0250452998433714,-2.905946819654242,-3.170946098629114
parkeja01,Jabari Parker,train,-2.820829,-2.7320057400000017,-2.693530630311726,-2.748674597615646,-2.6460825030702484
parketo01,Tony Parker,train,-3.01425,-3.009116850000002,-2.9612582556795313,-2.9666746907091817,-2.9910673937725747
parsoch01,Chandler Parsons,train,-1.411965,-1.4448838399999995,-1.607709965722663,-1.5136908216348184,-1.6709741313484119
parsoch01,Chandler Parsons,train,-1.382509,-1.5070356299999994,-1.640296217337184,-1.5542986190639554,-1.6903939684406106
pascher01,Eric Paschall,train,-4.356159,-4.292155119999997,-4.286643270832926,-4.332291906025985,-4.315756254129698
pattepa01,Patrick Patterson,train,-2.344108,-2.430997140000002,-2.479795660150123,-2.4063476547233567,-2.432073285011259
pattepa01,Patrick Patterson,train,-2.899832,-2.757397520000002,-2.563545460062231,-2.7689343127545367,-2.5529655962125446
paulbr01,Brandon Paul,train,-4.866399,-4.752563479999999,-4.557323359223692,-4.7007999498979585,-4.524120196689085
paulch01,Chris Paul,train,-1.077975,-1.2199133899999992,-1.2069655119448242,-1.202617794548497,-1.3733567168348864
paulch01,Chris Paul,train,-0.936685,-1.1106464199999992,-1.1180046803928985,-1.0868712086973311,-1.2537010724297455
paulch01,Chris Paul,train,-1.320991,-1.3558327100000014,-1.3787345470711616,-1.3455572243384353,-1.3800749587787864
paynead01,Adreian Payne,train,-3.504947,-3.6294476999999987,-3.854215956719432,-3.6512192452355956,-3.817839404231636
payneca01,Cameron Payne,train,-3.523365,-3.598348940000006,-3.6168119706749895,-3.662297445799323,-3.593847015839978
payneca01,Cameron Payne,train,-4.077446,-3.9549437400000027,-3.853369427361273,-3.9297437755413824,-3.838489712784534
payneca01,Cameron Payne,train,-2.876362,-2.7937743199999976,-2.694844048617365,-2.7937448551401762,-2.760187656496997
paytoel01,Elfrid Payton,train,-3.248078,-3.200840000000002,-3.4429726336433024,-3.2350407878248246,-3.410266670928214
paytoel01,Elfrid Payton,train,-2.61319,-2.802624499999999,-2.9205123353731017,-2.783197405769275,-2.9175348709399844
paytoga02,Gary Payton II,train,-4.321671,-4.439028509999995,-4.490533904617959,-4.495668862917239,-4.487182010338247
paytoga02,Gary Payton II,train,-4.989101,-4.7987831900000035,-4.818288897309998,-4.788645636775347,-4.578022026351416
paytoga02,Gary Payton II,val,-2.652259,-2.93512484,-2.867076489402002,-2.7645360458421444,-2.7799884489493487
peavymi01,Micah Peavy,test,-4.265798,-4.364918260000003,-4.307558188134614,-4.234174747994328,-4.186689748192495
pendano01,Noah Penda,test,-4.242512,-4.314408050000001,-4.085054099549134,-4.224949562265302,-4.030764101934968
phillju01,Julian Phillips,val,-4.204773,-4.46747494,-4.201250455866668,-4.319510316727009,-4.153218374507876
pickeja02,Jalen Pickett,val,-4.191318,-4.490953119999998,-4.132519045789679,-4.289608787291792,-4.052610560997844
piercpa01,Paul Pierce,train,-2.453148,-2.4571593699999994,-2.4449583021872576,-2.4011195413270947,-2.349243621886148
piercpa01,Paul Pierce,train,-2.988142,-2.8196619099999998,-2.775985544483704,-2.7213254446434236,-2.4562950454031345
plowdda01,Daeqwon Plowden,test,-4.198403,-4.080193730000001,-4.128791322622599,-3.978333164399656,-4.034008175519819
plumlma01,Mason Plumlee,train,-1.981099,-2.03130215,-2.0687698065575435,-2.021993703017007,-2.101553828227913
plumlma01,Mason Plumlee,train,-2.586061,-2.5808133999999994,-2.5421989876439253,-2.5406564211708407,-2.484269674501301
plumlmi01,Miles Plumlee,train,-2.019086,-2.1182343699999975,-2.260731913045541,-2.2732095184459893,-2.310939951332116
poeltja01,Jakob Poeltl,train,-2.523578,-2.5263656799999956,-2.545123320101511,-2.567043993961554,-2.5002551748128865
poeltja01,Jakob Poeltl,val,-1.942395,-1.7757207700000004,-1.892941302612265,-1.9218694938287997,-1.8486607388027372
poeltja01,Jakob Poeltl,test,-1.798316,-2.0125916699999995,-1.8694203490950858,-1.941759992780458,-1.8268009299699417
poolejo01,Jordan Poole,val,-1.447073,-1.6046747199999998,-1.6423092347801658,-1.595402791683671,-1.6098163168495847
portecr01,Craig Porter Jr.,val,-4.217198,-4.389448399999998,-4.2420730233416215,-4.375703971284581,-4.18935640963612
porteke02,Kevin Porter Jr.,val,-2.149009,-3.9435376199999994,-2.919248271399576,-2.8021510119580477,-2.9345565035079684
porteke02,Kevin Porter Jr.,test,-4.07454,-3.326136360000001,-3.2656009609509713,-3.1832580284211547,-3.3400830784351445
porteke02,Kevin Porter Jr.,test,-3.381014,-3.1830319899999995,-3.0610710331281634,-3.04737809371712,-3.0920544060636073
portemi01,Michael Porter Jr.,train,-1.276246,-1.3558787899999996,-1.4487081646830835,-1.3841492466916099,-1.3920266313764795
porteot01,Otto Porter Jr.,train,-1.314208,-1.4112588299999993,-1.3538242898879445,-1.434317059827097,-1.4159955972173492
porteot01,Otto Porter Jr.,val,-3.001043,-2.8155773000000006,-2.897866597893696,-2.724541957619563,-2.8402700630476336
portibo01,Bobby Portis,train,-3.897838,-3.7184258299999975,-3.6539241827608184,-3.7358735990091145,-3.4553643714873274
portibo01,Bobby Portis,train,-3.384299,-3.2283986999999996,-3.3283780744308786,-3.340190102189911,-3.288393119126738
portibo01,Bobby Portis,train,-3.228161,-3.1350351500000007,-2.828320212284321,-3.0828657981683656,-2.876909116742225
portibo01,Bobby Portis,val,-2.320578,-1.98903966,-1.9877618603325544,-1.9245509640209766,-1.9512841346037642
portibo01,Bobby Portis,test,-2.365618,-2.0993286100000006,-2.518940750800319,-2.262586002845807,-2.3214883431158357
porzikr01,Kristaps Porziņģis,train,-2.807476,-2.9197827600000017,-3.3072397723990115,-3.0052512414014037,-3.3356507027709976
porzikr01,Kristaps Porziņģis,train,-1.237893,-1.741444790000002,-1.788925841116756,-1.8134280122137176,-2.0973378598482113
porzikr01,Kristaps Porziņģis,val,-1.544636,-1.3394596700000003,-1.322161100904092,-1.3793095265300443,-1.3195121174759734
porzikr01,Kristaps Porziņģis,test,-2.236033,-2.2916011600000012,-2.0453078457140617,-2.260851193658163,-2.073824200592137
postqu01,Quinten Post,test,-2.83387,-2.8637083899999998,-3.047852372843272,-2.996984406951246,-2.870601909069412
poweldw01,Dwight Powell,train,-4.537209,-4.165611820000002,-3.854215956719432,-4.007939666410457,-3.835829277557362
poweldw01,Dwight Powell,train,-2.294736,-2.312142159999999,-2.339864019057844,-2.303883162048754,-2.2830636539331217
poweldw01,Dwight Powell,val,-3.526515,-2.7884162399999997,-2.7815907306314727,-2.590693532050091,-2.575605166700696
powelno01,Norman Powell,train,-4.414943,-4.422312319999994,-4.264764493359134,-4.399790529471661,-4.253637257029631
powelno01,Norman Powell,train,-1.831817,-1.7753922600000005,-1.66391788585958,-1.7680511373321504,-1.6476188819404238
powelno01,Norman Powell,test,-2.043596,-1.8998304300000013,-2.0701722543789183,-2.0994427133750255,-2.0662701002697106
poythal01,Alex Poythress,train,-4.456297,-4.594406940000004,-4.353825217909909,-4.402788052837869,-4.404886210877627
pricero01,Ronnie Price,train,-3.628524,-3.6193944400000033,-3.7345995873218625,-3.549113016140022,-3.69688797270662
prigipa01,Pablo Prigioni,train,-4.43596,-4.165914470000005,-4.040758866562517,-3.981483002851465,-3.6375376235280332
princta02,Taurean Prince,train,-2.156952,-2.4157301899999974,-2.532931552191116,-2.423341472057822,-2.460483278494853
princta02,Taurean Prince,val,-2.927678,-3.1462088199999987,-2.9769007677209776,-2.9908138437602028,-2.9476921103337803
princta02,Taurean Prince,test,-3.771385,-2.9817741499999983,-3.03422182934803,-2.8199703194410404,-2.9425612014732803
pritcpa01,Payton Pritchard,val,-2.930931,-2.5286008800000004,-2.4762827065385977,-2.797337175426302,-2.343750734841322
proctty01,Tyrese Proctor,test,-4.265267,-4.224334359999999,-4.200152688039238,-4.346510261714282,-4.155344301039446
queentr01,Trevelin Queen,val,-4.238077,-4.1881395600000015,-4.362501833748924,-4.204835095818846,-4.358943487248862
quetane01,Neemias Queta,val,-4.166121,-3.8701355700000026,-4.05892163977931,-4.100788694833951,-3.9269079473143673
quetane01,Neemias Queta,test,-4.073147,-3.3396745600000024,-3.478993591368938,-3.5773365323732214,-3.5398996754960366
quetane01,Neemias Queta,test,-2.592708,-1.9025905700000008,-1.8956453956290227,-1.9860941218809551,-1.9837041674632019
quickim01,Immanuel Quickley,test,-1.390486,-1.6978932500000001,-1.6219200689572035,-1.730919562515154,-1.6503195637047954
rabbiv01,Ivan Rabb,train,-4.320956,-4.310567350000005,-4.326447804018583,-4.313622480458046,-4.327869973087491
randlch01,Chasson Randle,train,-4.5665,-4.579848190000005,-4.620240202558121,-4.6364898120085,-4.589412050122791
randlch01,Chasson Randle,train,-4.91077,-4.838501210000007,-4.697942015574726,-4.755300733676871,-4.723113635677606
randlju01,Julius Randle,train,-3.024118,-3.0950137699999947,-3.441134935533393,-3.2212449968129664,-3.3334969569239905
randlju01,Julius Randle,train,-2.44327,-2.314843500000004,-2.259621046569898,-2.3909462696598642,-2.2962974049845917
randlju01,Julius Randle,train,-1.662498,-1.5836588100000002,-1.5461130673206414,-1.6113077687738102,-1.5930379242223283
randlju01,Julius Randle,train,-1.440847,-1.3228880200000013,-1.1933099521712203,-1.3210503547160382,-1.174402622011502
randlju01,Julius Randle,test,-1.534587,-1.3737954800000005,-1.4651168023073915,-1.4207559652231487,-1.530397205678239
randoza01,Zach Randolph,train,-1.94591,-1.8617894799999994,-1.7569616207952459,-1.869050268465986,-1.7373655582246499
randoza01,Zach Randolph,train,-2.111152,-2.237599990000002,-2.1544993531455328,-2.216814134718823,-2.2331112656326093
raynama01,Maxime Raynaud,test,-4.356418,-4.27806818,-4.292407991284285,-4.267780118347975,-4.2638317588190136
reaveau01,Austin Reaves,train,-4.503053,-4.461389750000004,-4.454176485763025,-4.425383983627547,-4.423559479733226
reaveau01,Austin Reaves,val,-2.313273,-1.9408595500000012,-1.788667383014469,-2.053497959587148,-1.931083463579809
reaveau01,Austin Reaves,test,-1.303692,-1.2533942400000004,-1.1637863785518068,-1.290368977106061,-1.2752622757261018
reddica01,Cam Reddish,val,-4.0734,-3.44976375,-3.682339332278026,-3.5714542839710886,-3.5219671143282762
redicjj01,JJ Redick,train,-2.108634,-1.997907259999999,-2.0404443782454225,-2.0046837562080486,-1.9656367272845576
reedda01,Davon Reed,train,-4.264958,-4.287713259999995,-4.204083079383578,-4.284499663899093,-4.1614546782061606
reedda01,Davon Reed,val,-4.131877,-3.8869337900000023,-4.148035013210049,-3.969705322555453,-3.975710353180424
reedpa01,Paul Reed,val,-2.851871,-3.0367097700000003,-2.9027420920514,-3.019320696309937,-2.8742425049982994
reedpa01,Paul Reed,test,-3.341866,-3.40373119,-3.3355709913025087,-3.4197563754196056,-3.2522710491026987
reedwi02,Willie Reed,train,-4.496025,-4.407119089999994,-4.448823963635516,-4.389461570140326,-4.421769201537052
reevean01,Antonio Reeves,test,-4.358047,-4.333368720000001,-4.318763427245134,-4.3017489121358965,-4.314919265743453
reidna01,Naz Reid,val,-2.306776,-2.60471598,-2.4353489531484827,-2.3907293814265116,-2.4809246647238585
reidna01,Naz Reid,test,-1.822269,-1.9545490199999995,-1.9091717389964662,-1.9374395530000044,-1.8961240812122306
richajo01,Josh Richardson,train,-4.471639,-4.196219889999997,-3.964591362670677,-4.191605995164699,-3.9335898559045113
richajo01,Josh Richardson,train,-2.272312,-2.20940477,-2.063260036824109,-2.2853750099518195,-2.0460325788309373
richajo01,Josh Richardson,val,-3.824247,-2.9901440299999984,-2.9442218951069217,-2.8795961699223356,-2.8923974564554578
richani01,Nick Richards,train,-4.332629,-4.297573519999998,-4.40525425200795,-4.294936946454651,-4.363111888894906
richani01,Nick Richards,val,-3.336396,-2.5719637,-2.4108429097363486,-2.597934925215005,-2.48400400586281
richawi02,Will Richard,test,-4.265798,-4.350863219999998,-4.175629248533266,-4.291165187293077,-4.1043606611685
riverau01,Austin Rivers,train,-3.06984,-3.320622959999998,-3.5854644722857887,-3.4364107860770914,-3.7697294774158485
riverau01,Austin Rivers,train,-2.073894,-2.3159621799999983,-2.794425626067449,-2.5524041603696133,-2.9708351798171915
riverau01,Austin Rivers,train,-3.872852,-3.5485369500000026,-3.402876213124966,-3.5456909186967103,-3.29364036993476
riverau01,Austin Rivers,train,-3.491162,-3.225267449999998,-2.9791151779177087,-3.2015556484285708,-2.8947369268083163
roberan03,Andre Roberson,train,-2.293474,-2.3556805700000014,-2.4388372921943677,-2.352901216570861,-2.4141709084837277
roberbr01,Brian Roberts,train,-3.116334,-3.1528867799999976,-3.3659935078168464,-3.1939038749302227,-3.3674112859222065
robindu01,Duncan Robinson,train,-1.831817,-1.8290822700000005,-1.830478049650402,-1.8553387022787082,-1.8592338875002916
robindu01,Duncan Robinson,test,-2.333095,-2.5804864800000002,-2.6583190431733073,-2.592242236824833,-2.543479469920313
robingl02,Glenn Robinson III,train,-4.183957,-4.128201610000004,-4.167608696879183,-4.156023948480721,-4.179733009207113
robinje02,Jeremiah Robinson-Earl,train,-4.042887,-4.115564270000004,-4.252026050402968,-4.119530696374713,-4.186998445935083
robinmi01,Mitchell Robinson,train,-4.174737,-4.222518899999995,-4.259210865800074,-4.194283615773506,-4.302114445800868
robinmi01,Mitchell Robinson,val,-2.109445,-1.7746294299999996,-1.8315532654312754,-1.9612304211678022,-1.8894813308283918
robinmi01,Mitchell Robinson,test,-2.376445,-2.75306331,-2.800374109883927,-2.6485714792985964,-2.595952853823329
robinor01,Orlando Robinson,val,-4.239865,-4.148709500000001,-4.349820544653343,-4.230110109889357,-4.312465171127292
robinth01,Thomas Robinson,train,-4.233607,-4.100723410000004,-3.834309801710079,-4.018718449264172,-3.8752765530639492
robyis01,Isaiah Roby,train,-4.222628,-4.264894559999995,-4.357989362132783,-4.284450916981289,-4.376765356887192
roddyda01,David Roddy,val,-3.63961,-3.9712876999999995,-3.7036431376694194,-3.9812352893338994,-3.7412450324105504
rolliry01,Ryan Rollins,val,-4.35586,-4.50363305,-4.34974965199768,-4.408073499144353,-4.358523851885463
rolliry01,Ryan Rollins,test,-3.654851,-3.323908660000001,-3.7832912315113765,-3.527114636704854,-3.5989683731153326
rondora01,Rajon Rondo,train,-1.927419,-2.349105069999996,-2.274764088934614,-2.1525455435515872,-2.4256552535337024
rondora01,Rajon Rondo,train,-3.740974,-3.4594801499999965,-3.197330806755452,-3.333799657829364,-3.0654958974690616
rondora01,Rajon Rondo,train,-2.677728,-2.799798270000001,-2.8800877912948746,-2.8315335313356007,-2.947004530190684
rosede01,Derrick Rose,train,-2.677728,-2.584813330000001,-2.5780287267641158,-2.599820013502523,-2.557263545860657
rosede01,Derrick Rose,train,-2.046661,-2.00410688,-2.2388313407509703,-2.154968239230725,-2.189626830609614
rosede01,Derrick Rose,val,-3.726491,-3.231256070000002,-3.4569048584568067,-3.303327321077973,-3.4694086724809523
rosste01,Terrence Ross,train,-2.19344,-2.257993640000002,-2.464869871595451,-2.322693510170636,-2.4998915916605244
rosste01,Terrence Ross,train,-2.089942,-2.0706835500000005,-1.9400114978218252,-2.0488867501933115,-1.9064814466605893
roziete01,Terry Rozier,train,-3.625234,-3.663457189999998,-3.866032615645319,-3.685764195098124,-3.8955098560693338
roziete01,Terry Rozier,train,-1.75347,-2.048366229999998,-2.5399612454225022,-2.158659629532881,-2.5468391274816358
roziete01,Terry Rozier,train,-1.636737,-1.6057070300000007,-1.5710005482832092,-1.628170056982273,-1.5497484600355962
rubiori01,Ricky Rubio,train,-1.627456,-1.7597262499999986,-1.7400362955495365,-1.759736300654762,-1.833823953807178
rubiori01,Ricky Rubio,train,-1.859418,-1.9333317900000018,-2.000046409732733,-1.9685437253860532,-2.026554179760913
rubiori01,Ricky Rubio,val,-3.001586,-2.038839229999999,-2.236182759728792,-2.2933574047868484,-2.1853282745817366
rudezda01,Damjan Rudež,train,-4.026383,-3.9759438000000036,-4.152210298577901,-4.063667154336731,-4.145849106125001
ruperra01,Rayan Rupert,val,-4.35701,-4.437438310000001,-4.241303923815927,-4.350996380683668,-4.241676027144155
rushbr01,Brandon Rush,train,-3.961844,-3.925214810000002,-4.073872300469715,-3.8724165458055624,-3.97729742796024
russeda01,D'Angelo Russell,train,-2.599837,-2.8141529,-3.129292118165798,-3.078507304008501,-3.387078817379795
russeda01,D'Angelo Russell,train,-1.316752,-1.383425729999999,-1.3246638108719302,-1.4269323688253956,-1.4251565952896108
russeda01,D'Angelo Russell,val,-2.022438,-1.8866551500000002,-1.8578295060969803,-1.8378054994836135,-1.8417794510823466
russeda01,D'Angelo Russell,test,-3.278986,-2.5920035399999986,-2.6926911586415287,-2.5956552690614836,-2.594927381326224
sabondo01,Domantas Sabonis,train,-1.73512,-1.7295761199999986,-1.7725961595800896,-1.776891040860958,-1.7416474477352908
sampsja02,JaKarr Sampson,train,-4.39691,-4.3964569699999965,-4.348647505957642,-4.357172537328337,-4.2583850475657785
sampsja02,JaKarr Sampson,train,-5.022851,-4.836456120000002,-4.350531922905222,-4.649799030274742,-4.367411953874041
sandeko01,Kobe Sanders,test,-4.099718,-3.3701499199999985,-3.4862810548419993,-3.5315288032388676,-3.375944281927925
santogu01,Gui Santos,val,-4.374368,-4.242742279999999,-4.384356762590791,-4.232247280883014,-4.376518993021665
santogu01,Gui Santos,test,-3.622328,-2.6229093900000016,-2.536507893901803,-2.5308673449863934,-2.4549422692786114
saricda01,Dario Šarić,train,-3.681925,-3.539054519999999,-3.6285848396358253,-3.658329468333328,-3.6111095052932383
saricda01,Dario Šarić,train,-2.495407,-2.42974036,-2.311713630674905,-2.410463678827305,-2.3405294141990685
saricda01,Dario Šarić,test,-3.279071,-3.0875084800000008,-3.4522821229957295,-3.0684864003083887,-3.31081876178477
satorto01,Tomáš Satoranský,train,-2.390046,-2.351899340000004,-2.4194650543404523,-2.3506822889637218,-2.4073233379079473
schofad01,Admiral Schofield,train,-4.356159,-4.323292729999995,-4.357980824938141,-4.34800761696986,-4.359396612609669
schrode01,Dennis Schröder,train,-1.733858,-1.967655049999999,-2.120796454395418,-2.0000163949689074,-2.0844255835776155
schrode01,Dennis Schröder,val,-2.370027,-2.58861901,-2.676358520108235,-2.611062696615339,-2.6297470871036372
schrode01,Dennis Schröder,test,-2.345842,-2.0305839100000003,-2.0075898672957972,-2.231383317226189,-2.0684085863946637
scottmi01,Mike Scott,train,-2.940193,-2.9082615,-3.0982387634607993,-2.9531308148381226,-3.042017793750314
scottmi01,Mike Scott,train,-3.103396,-3.266431219999997,-3.447408855418136,-3.230875237015874,-3.4462277740276073
sefolth01,Thabo Sefolosha,train,-2.757872,-2.598255839999999,-2.6195157750181344,-2.633906379903628,-2.4776394190355755
seldewa01,Wayne Selden,train,-4.952734,-4.827135830000006,-4.587367010767308,-4.680477655850898,-4.619466373955562
seldewa01,Wayne Selden,train,-4.238384,-4.343438239999999,-4.4200406007665745,-4.369276340702376,-4.447378927925311
sessira01,Ramon Sessions,train,-3.390394,-3.1534779199999985,-3.0699972526365773,-3.109992603141155,-2.978551779681158
sextoco01,Collin Sexton,val,-1.941814,-1.8021973799999988,-1.7176496079380608,-1.92004118012755,-1.7323597061345786
sextoco01,Collin Sexton,test,-2.874692,-2.437757320000001,-2.374854135053865,-2.4051524517425835,-2.359477974857311
shamela01,Landry Shamet,test,-3.345529,-2.6749232999999992,-3.0769360373620995,-2.8132184037091834,-2.98426110529043
sharpda01,Day'Ron Sharpe,test,-3.208564,-3.33737026,-3.313138478246204,-3.342181849534581,-3.29702919668822
sharpda01,Day'Ron Sharpe,test,-2.83387,-3.1088899399999996,-3.014468014254126,-2.983064922943876,-2.963450120428784
sheadja01,Jamal Shead,test,-4.233879,-4.424452239999999,-4.426478710439051,-4.440965047188767,-4.402201289732696
shumpim01,Iman Shumpert,train,-1.94591,-2.071277499999999,-2.1680784225935175,-2.1495307452522683,-2.2371942522520256
siakapa01,Pascal Siakam,train,-1.159675,-1.3042868099999994,-1.4026861941937367,-1.302288320156463,-1.394674385180276
siakapa01,Pascal Siakam,test,-1.090646,-1.29249703,-1.2465424370374028,-1.286271002318593,-1.2712465856758397
simmobe01,Ben Simmons,train,-1.12479,-1.1709187600000008,-1.1629028044773655,-1.1984142806010611,-1.1532609349669134
simmojo02,Jonathon Simmons,train,-4.60517,-4.522248029999993,-4.492032118855731,-4.514096240070398,-4.385297145274915
simonan01,Anfernee Simons,val,-1.59862,-2.295471970000001,-2.515567677536206,-2.2013470971304367,-2.450920547915147
simonan01,Anfernee Simons,test,-3.320003,-2.4606968000000013,-2.6398475800609167,-2.5138548211184806,-2.5267237594595757
simsje01,Jericho Sims,val,-4.182684,-3.851104860000003,-3.965087365308848,-3.9506489972182517,-3.780534746817197
simsje01,Jericho Sims,test,-4.074161,-3.325531100000001,-3.4535015096753074,-3.5851599188708456,-3.4035819987439977
singlky01,Kyle Singler,train,-2.690351,-2.521342299999999,-2.3505217514704406,-2.5874006617879823,-2.391197435979183
smartma01,Marcus Smart,train,-2.933714,-3.0988517700000013,-3.4245499299059015,-3.2310157429416106,-3.4033469963288545
smartma01,Marcus Smart,train,-2.058738,-2.062458820000002,-1.8668181340151278,-2.0565769547210877,-1.9914945901705514
smartma01,Marcus Smart,train,-1.86663,-1.8570900399999968,-1.7517664346570587,-1.8639730846848086,-1.7640843566870565
smartma01,Marcus Smart,test,-3.381014,-3.2601669800000015,-3.387874836237486,-3.1645183258614185,-3.2913240251556584
smartma01,Marcus Smart,test,-3.30949,-3.259812749999999,-3.1709536362980675,-3.15761166170408,-3.239936999167304
smithdr01,Dru Smith,test,-4.072895,-3.85018276,-4.395681530131249,-3.949957604751132,-4.16323997103136
smithis01,Ish Smith,train,-2.753055,-2.781486929999998,-2.9444927498751765,-2.7204984553396714,-2.9682478087453297
smithis01,Ish Smith,train,-3.192877,-3.2148798700000043,-3.2201125020527095,-3.191410348402494,-3.2714356258617787
smithja04,Jalen Smith,val,-3.199428,-2.9308129100000015,-3.3060992762824863,-3.1117288463605415,-3.238621914300596
smithja04,Jalen Smith,test,-2.748609,-2.687717740000001,-2.487231996431544,-2.6532744314653183,-2.555484281802418
smithjr01,J.R. Smith,train,-1.888058,-1.9008675000000006,-1.823989543774003,-1.9314766894954647,-1.8921997903464263
smithni01,Nick Smith Jr.,val,-3.761446,-3.6358665099999996,-3.7844676754284263,-3.792736866713148,-3.7085556284656818
snellto01,Tony Snell,train,-2.153712,-2.1716845700000036,-2.2697520733053884,-2.203888822958616,-2.247492261919763
speigma01,Marreese Speights,train,-4.18714,-3.91342123,-3.4426958210551137,-3.6444340965187076,-3.2081481272962913
spencca01,Cam Spencer,test,-4.085634,-4.104098540000002,-3.924507578100789,-4.076526013848634,-3.9291623059947955
stausni01,Nik Stauskas,train,-3.110981,-3.3817708799999995,-3.883263057031321,-3.4950874487137207,-3.857396771844479
stephla01,Lance Stephenson,train,-1.946941,-1.9240438600000007,-1.875721279009271,-1.9790641950300463,-1.9452147863494045
stephla01,Lance Stephenson,train,-3.187514,-3.35885208,-3.36316399797299,-3.3304793733520404,-3.5386633363263407
strusma01,Max Strus,train,-4.185695,-4.221893190000004,-4.255515195399043,-4.20982734305241,-4.273020316573039
strusma01,Max Strus,val,-2.167142,-2.131680190000001,-2.1649680033315586,-2.1899682048799205,-2.142815262675779
sumneed01,Edmond Sumner,train,-3.960264,-4.0648040599999975,-4.286630549610698,-4.091936762229019,-4.269881455495889
sumneed01,Edmond Sumner,val,-4.07318,-3.4782597100000014,-3.628262663931279,-3.5212672360804973,-3.5379064803109155
tateja01,Jae'Sean Tate,train,-4.300589,-4.297725840000002,-4.207535444649952,-4.340215123237532,-4.1834770172109925
tateja01,Jae'Sean Tate,val,-2.82053,-2.2390618300000003,-2.535568249344077,-2.3543507308747187,-2.5373699195123938
tatumja01,Jayson Tatum,train,-1.237876,-1.20109371,-1.0084392682333263,-1.1940558280317974,-1.0333705884850324
tatumja01,Jayson Tatum,test,-0.90119,-0.9837623199999999,-1.1117508363152735,-1.0184590765634907,-1.0282445429259568
taylois01,Isaiah Taylor,train,-4.866399,-4.823762390000001,-4.506426982724094,-4.772538521248036,-4.499709623810225
taylois01,Isaiah Taylor,train,-4.596059,-4.581915160000006,-4.6603377628682745,-4.528562116337866,-4.6828385663528005
taylois01,Isaiah Taylor,train,-4.207401,-4.224181910000001,-4.463880699000358,-4.336577783602401,-4.525795400256241
taylois01,Isaiah Taylor,train,-4.167903,-4.162377600000005,-4.175028713973906,-4.051599317638324,-4.173182160539083
taylote01,Terry Taylor,val,-4.166121,-3.8918031699999993,-4.013075491608124,-3.836081959121887,-3.9813375570227683
teaguje01,Jeff Teague,train,-1.65162,-1.6006673100000008,-1.5273317216099391,-1.6110683847704064,-1.5453854101581186
teletmi01,Mirza Teletović,train,-2.19344,-2.3009733800000016,-2.454564631339148,-2.307759347144558,-2.468610582240776
templga01,Garrett Temple,train,-4.104945,-4.005800639999996,-3.7404811694361078,-3.987150564508504,-3.810028729259872
templga01,Garrett Temple,train,-2.465373,-2.59102477,-2.8828102961921345,-2.6260476482505677,-2.876830514957875
templga01,Garrett Temple,train,-3.081898,-2.9744913599999996,-2.887802175872101,-2.9562560839126992,-2.7797602092736415
teodomi01,Miloš Teodosić,train,-2.779607,-3.3057292,-3.745059113309408,-3.5953179854889648,-4.230537412793463
theisda01,Daniel Theis,train,-4.505304,-4.502325320000007,-4.43521392772352,-4.470869277343161,-4.403865680471445
theisda01,Daniel Theis,train,-3.083194,-3.0235758899999983,-3.0632565412712145,-3.0512945616152334,-3.1055329681846775
theisda01,Daniel Theis,train,-2.524964,-2.4116152200000034,-2.1641912453538024,-2.367611743804988,-2.1770000534325415
thomais02,Isaiah Thomas,train,-2.234623,-1.9115290799999998,-1.9321353027672463,-1.8443490510787992,-1.5900270405343817
thomala01,Lance Thomas,train,-2.616923,-2.8532081499999964,-2.9045942524172035,-2.8361298625974998,-3.0012775783460257
thomama02,Matt Thomas,train,-4.356159,-4.355015889999997,-4.44855621874847,-4.383024352396302,-4.419327252487634
thompkl01,Klay Thompson,train,-1.400683,-1.4541549099999995,-1.4914230706814835,-1.4835142056247685,-1.5443245097661924
thompkl01,Klay Thompson,train,-1.055572,-1.1954773599999993,-1.1974899279024995,-1.2409259708055547,-1.3150529145448402
thompkl01,Klay Thompson,test,-2.132423,-1.8631697200000001,-2.022363105199941,-2.010830103070863,-1.9323226506082682
thomptr01,Tristan Thompson,train,-1.451214,-1.5825068999999978,-1.5750573880258347,-1.622769700764739,-1.6952889480399025
thomptr01,Tristan Thompson,train,-2.442393,-2.611366530000002,-2.7541472019678026,-2.495979295818591,-2.7379120135659396
thorjt01,JT Thor,train,-4.215371,-4.3187413400000025,-4.140899126719953,-4.234613137354867,-4.036504870526774
thornsi01,Sindarius Thornwell,train,-4.35967,-4.345402869999997,-4.329328190516756,-4.32426124577246,-4.326662994753129
thybuma01,Matisse Thybulle,val,-2.512493,-2.886324369999999,-3.1238886937516464,-2.8232925787964827,-2.8916699398212633
tillmxa01,Xavier Tillman Sr.,train,-4.202519,-4.1868171699999985,-4.132512216487721,-4.128770788014739,-4.139164511771727
tillmxa01,Xavier Tillman Sr.,test,-4.07454,-3.2425217299999995,-3.344907433404593,-3.392053245007368,-3.324098371139951
tollian01,Anthony Tolliver,train,-3.045554,-3.0891438100000004,-3.2728204134452383,-3.073970014361108,-3.341823788024095
tollian01,Anthony Tolliver,train,-2.465373,-2.6874055699999997,-2.978845819973054,-2.682468193345235,-3.0072824376406446
toppiob01,Obi Toppin,test,-2.271685,-2.13133501,-2.0417678217260438,-2.262709489133738,-2.1056772562586707
townska01,Karl-Anthony Towns,train,-2.485478,-2.9085765099999996,-3.625245686120385,-3.1089378503628526,-3.680618703346394
townska01,Karl-Anthony Towns,train,-1.237893,-1.21125865,-1.1721153002384677,-1.2201730193452907,-1.0498798999234835
townska01,Karl-Anthony Towns,val,-0.903478,-1.14087705,-1.1377795918908553,-1.1248632798792517,-1.1151860755601417
trentga02,Gary Trent Jr.,train,-4.361323,-4.227811240000007,-4.076864955748029,-4.217889283844677,-3.9131438666729936
trentga02,Gary Trent Jr.,train,-1.872639,-2.2612526,-2.5390748516045556,-2.1923847356632655,-2.608917416313448
trentga02,Gary Trent Jr.,test,-2.363867,-2.6927747799999997,-2.6802485664711058,-2.9236210237647424,-2.6347821293301057
tuckepj01,P.J. Tucker,train,-2.439418,-2.3595012999999976,-2.1797541267152725,-2.333943302289117,-2.186800943857965
tuckepj01,P.J. Tucker,train,-2.519747,-2.3908170699999975,-2.3178917346963677,-2.4270580042193877,-2.2273373338342703
tuckepj01,P.J. Tucker,train,-2.751586,-2.8077215299999994,-2.9478610673999506,-2.8867391291439892,-3.037851953874015
tuckepj01,P.J. Tucker,val,-2.4196,-2.6661097800000007,-2.4649759127414628,-2.5896972693270985,-2.5100773456684182
turneev01,Evan Turner,train,-2.935206,-2.7950027099999977,-2.6941813824823777,-2.821283919693307,-2.6770318543410716
turneev01,Evan Turner,train,-1.682614,-1.8309477400000003,-1.8547498862477374,-1.843879784731293,-1.9489809154275342
turnemy01,Myles Turner,train,-3.368868,-3.4092602800000016,-3.4904625545300494,-3.305776060615971,-3.5202041614939468
turnemy01,Myles Turner,train,-1.696899,-1.674975980000001,-1.662540451095442,-1.732939849792979,-1.695095058290559
turnemy01,Myles Turner,test,-1.737377,-1.7480117499999994,-1.6417219147947553,-1.7708084035754,-1.7142147990264816
tysonhu01,Hunter Tyson,val,-4.265706,-4.3236488400000015,-4.132519045789679,-4.249769193706193,-4.037550740613122
udohek01,Ekpe Udoh,train,-3.417404,-3.392901799999996,-3.310616639440233,-3.220378366472119,-3.35344466826988
udrihbe01,Beno Udrih,train,-3.390394,-3.395617249999999,-3.5409723686855186,-3.384214653208931,-3.4761798173153067
ulisty01,Tyler Ulis,train,-4.544815,-4.536531929999992,-4.38797491335749,-4.4723298724833,-4.265285863607057
valanjo01,Jonas Valančiūnas,train,-1.984581,-1.947428969999999,-1.9072590880204099,-1.977401812902237,-1.894701460041382
valanjo01,Jonas Valančiūnas,train,-2.104789,-2.0339479200000024,-1.9441173341622617,-1.994307041548597,-1.848658016107281
valanjo01,Jonas Valančiūnas,test,-2.633298,-2.2395135000000006,-2.0824207601917886,-2.2247390840068015,-2.025973892184384
valende01,Denzel Valentine,train,-3.997058,-3.8644893599999977,-3.7422151685569642,-3.832032433256238,-3.756083362884655
vandeja01,Jarred Vanderbilt,train,-4.361323,-4.352160270000007,-4.322142026062354,-4.3564935976167884,-4.245610541690658
vandeja01,Jarred Vanderbilt,train,-3.246663,-3.3136772000000043,-3.283112386281364,-3.201638185032882,-3.264414153004659
vandeja01,Jarred Vanderbilt,val,-2.460927,-2.0623118600000008,-2.035787119625773,-2.1468162307341285,-2.007022586503008
vanvlfr01,Fred VanVleet,train,-4.866399,-4.503651500000001,-4.068008638856687,-4.43726459961621,-3.920780816362588
vanvlfr01,Fred VanVleet,train,-2.426463,-2.734005860000004,-2.8957484402355935,-2.671235696933672,-2.9870710442570942
vanvlfr01,Fred VanVleet,train,-1.636275,-1.5936752700000005,-1.5567783263310004,-1.5788512595056687,-1.58290846969037
vanvlfr01,Fred VanVleet,val,-1.155493,-1.4320916500000007,-1.5388472199622234,-1.4598887052748415,-1.5497158986373927
vanvlfr01,Fred VanVleet,test,-1.822269,-1.9727871299999993,-1.7649004471786007,-1.8489249601145128,-1.8741236757162008
varejan01,Anderson Varejão,train,-1.94591,-2.0514183099999985,-2.07728003947579,-2.092191873355441,-2.082510933398763
vassede01,Devin Vassell,val,-1.649997,-1.6880943100000005,-1.6800971743055082,-1.7386907397874145,-1.6671400840941175
vaughra01,Rashad Vaughn,train,-3.677516,-3.4220768000000032,-3.543592820074119,-3.4285370105719988,-3.361534991117294
vezenal01,Sasha Vezenkov,val,-3.01719,-4.044335060000001,-4.0507890579058055,-4.049752390683106,-4.17824811236464
vincega01,Gabe Vincent,train,-4.168303,-4.1610247699999965,-4.244317297485206,-4.144161711988658,-4.239045216921765
vincega01,Gabe Vincent,val,-2.514914,-2.7051019200000006,-2.8266606232984866,-2.888503117054576,-2.9191201144267134
vonleno01,Noah Vonleh,train,-3.196377,-3.2998661900000017,-3.4007569643037914,-3.2689762835649505,-3.4922760816446554
vucevni01,Nikola Vučević,train,-1.664498,-1.7230753300000001,-1.6249850603880966,-1.700137734717119,-1.552145193428444
vucevni01,Nikola Vučević,train,-1.473756,-1.3912516699999997,-1.2080020889278422,-1.3775526097161432,-1.2313158356370915
wadede01,Dean Wade,val,-3.093651,-2.9963233700000007,-2.9338183400906135,-2.920367032391002,-2.809184258800924
wadede01,Dean Wade,test,-2.86691,-2.5100729200000007,-2.351807066322033,-2.5866787237216546,-2.401674620705618
wadedw01,Dwyane Wade,train,-1.399302,-1.4686413000000018,-1.6195137421229255,-1.4369603613659545,-1.626373530193039
wadedw01,Dwyane Wade,train,-1.387814,-1.63055093,-1.6684038915700037,-1.6042811501984644,-1.7414311817171406
wagnemo01,Moritz Wagner,train,-4.134402,-3.901641400000002,-3.7457847541473326,-3.9534447303616806,-3.724845716049228
wagnemo01,Moritz Wagner,val,-2.833368,-3.133062970000001,-3.00956416856513,-3.0441394112998856,-3.032499043692106
wagnemo01,Moritz Wagner,test,-2.547938,-2.93409173,-2.900472195997213,-2.8832410873367347,-2.9208601417672018
wagnemo01,Moritz Wagner,test,-2.914538,-3.491514660000001,-3.320067155648761,-3.251638297588642,-3.2060041142937488
wainris01,Ish Wainright,train,-4.503053,-4.3215050400000035,-4.1322929481477315,-4.305648713812352,-4.222087537589332
waitedi01,Dion Waiters,train,-3.457938,-3.3064175500000035,-3.2895945776628523,-3.298893522155327,-3.252343820036638
waitedi01,Dion Waiters,train,-2.031109,-2.064888649999996,-2.227692989066371,-2.0504906835799823,-2.2093236540517602
walkeja01,Jabari Walker,val,-4.35586,-4.288764149999999,-4.370618362904397,-4.310755148778908,-4.352803393030517
walkeke02,Kemba Walker,train,-1.763589,-1.6658754499999988,-1.5663145755980175,-1.6942983118327677,-1.5612209816006402
walkeke02,Kemba Walker,train,-1.131656,-1.1396639000000015,-1.1389763459168274,-1.1630826359940247,-1.1476406016144731
walkeke02,Kemba Walker,train,-2.531094,-2.173033509999999,-2.1025812049831774,-2.194370336079365,-2.0342781006196917
wallaty01,Tyrone Wallace,train,-4.241832,-4.233939539999995,-4.205563419477497,-4.164448064505106,-3.9412894004768075
walljo01,John Wall,train,-1.313426,-1.3493278500000017,-1.398553536000294,-1.352034867224645,-1.37546936181079
walljo01,John Wall,train,-0.868318,-1.0006373600000007,-1.0301290316525036,-0.9971671667372702,-1.0642590929184559
walljo01,John Wall,val,-2.924383,-3.3811084100000004,-3.309783873003385,-3.157035915242061,-3.368621026344501
walshjo01,Jordan Walsh,val,-4.265706,-4.33847572,-3.9149638419649553,-4.252823352052151,-3.9935783220225662
walshjo01,Jordan Walsh,test,-3.622328,-3.0812600700000017,-2.7978203184063632,-2.8240876903956917,-2.6999938648078237
warretj01,T.J. Warren,train,-3.453522,-3.5617210900000025,-3.86484035329392,-3.580554743585656,-3.8285183828465374
warretj01,T.J. Warren,train,-2.159834,-2.065291719999998,-1.834429258521812,-2.039676081845806,-1.7785784952542167
washipj01,P.J. Washington,val,-2.171969,-1.8915295800000005,-1.8940377315542676,-1.9527945304710874,-1.9944886729014544
washipj01,P.J. Washington,test,-2.036814,-1.8605642599999996,-1.818011316477192,-1.8793105472318592,-1.6896106440867142
watanyu01,Yuta Watanabe,val,-3.996519,-3.77028562,-3.9928939868930255,-3.7673947210481793,-3.832468244302262
watfotr01,Trendon Watford,test,-4.074161,-3.275438370000001,-3.214294468998074,-3.2667491638520394,-3.233702331613555
watsocj01,C.J. Watson,train,-2.639057,-2.5482215100000025,-2.5070167930019216,-2.537554898439239,-2.4483843809053125
weberbr01,Briante Weber,train,-5.001573,-4.839242440000001,-4.847316246514362,-4.836728796097867,-4.573043977282513
weberbr01,Briante Weber,train,-4.819202,-4.712515510000005,-4.499303918289045,-4.65926666122619,-4.5405530686345745
wellsja01,Jaylen Wells,test,-4.265265,-4.317678000000002,-4.277296832863174,-4.2446009191184775,-4.197034719566675
westbru01,Russell Westbrook,train,-1.18908,-1.1690916000000007,-1.1299382877722377,-1.1671865227352622,-1.1593131895910522
westbru01,Russell Westbrook,train,-0.901373,-0.911681200000001,-0.9420335219875083,-0.9324479235248907,-0.9945543823254457
westbru01,Russell Westbrook,val,-3.54417,-2.609162649999999,-2.5236097425794064,-2.56182903000819,-2.5996345346332936
westbru01,Russell Westbrook,test,-3.72648,-3.0218863899999993,-2.7534396749618133,-2.8593368504092953,-2.907562428821871
westda01,David West,train,-3.826501,-3.385972030000001,-3.2310806969910875,-3.1421992374444434,-2.906726886658356
whiteco01,Coby White,val,-2.427903,-2.6350004800000004,-2.550577489292209,-2.560515764302722,-2.546136187583753
whiteco01,Coby White,test,-1.931002,-1.93489033,-2.176199944334803,-2.1295384182414976,-2.029692332415103
whitede01,Derrick White,train,-1.859988,-1.9772679999999974,-2.074758960146732,-1.9938826954784592,-2.033646948487564
whitede01,Derrick White,test,-1.656331,-1.4580683799999996,-1.333456369798253,-1.4544264320901343,-1.3618999499133737
whiteha01,Hassan Whiteside,train,-4.277697,-4.233689949999996,-4.24982842465576,-4.156366818063956,-4.21635599876763
whiteha01,Hassan Whiteside,train,-1.342068,-1.4594080400000002,-1.4173947473621384,-1.50044179681179,-1.5571807662786845
whiteis01,Isaiah Whitehead,train,-4.407229,-4.400270379999993,-4.246846995690082,-4.407690003983552,-4.224377901083914
whiteok01,Okaro White,train,-4.866399,-4.816659939999999,-4.506426982724094,-4.776696898793284,-4.487363903404704
whiteok01,Okaro White,train,-4.870496,-4.822176670000002,-4.7663707833009115,-4.721835720623012,-4.707655078388782
wiggiaa01,Aaron Wiggins,test,-2.748609,-2.411606559999999,-2.129794845573429,-2.403151052598641,-2.2867292866375553
wiggian01,Andrew Wiggins,train,-2.415169,-2.6693248799999987,-3.0356696964178593,-2.9283388271836737,-3.2435193527884545
wiggian01,Andrew Wiggins,train,-1.237942,-1.274186990000001,-1.3533721113906716,-1.345325518175993,-1.3036450715910948
wiggian01,Andrew Wiggins,val,-1.607756,-1.5240052400000004,-1.5560230165695847,-1.5279815785474118,-1.5118632862645756
wiggian01,Andrew Wiggins,test,-2.403565,-2.170108970000001,-2.0815457934941275,-2.0775623287264056,-2.055303685376917
willial03,Alan Williams,train,-5.289255,-5.075163040000007,-4.846662255556202,-4.904266820341323,-4.722741078583551
willial03,Alan Williams,train,-2.861458,-2.953437220000002,-3.038490175711893,-3.0857638377291283,-3.0873435285674122
willide01,Deron Williams,train,-2.543747,-2.4489762499999976,-2.163367097599571,-2.3973858170515845,-2.2320194581840433
willide02,Derrick Williams,train,-2.74464,-3.0019878400000017,-3.0340699415654218,-3.0129303090068063,-3.1405334635616113
willigr01,Grant Williams,val,-2.322417,-2.1652164800000007,-2.105592749629449,-2.1785435741933123,-2.0791726137870454
willija06,Jalen Williams,test,-1.268635,-1.2361121700000002,-1.0281932299811545,-1.2048719835930226,-1.0381591918020316
willija07,Jaylin Williams,val,-4.098437,-4.189892980000002,-4.223416925282412,-4.129392247272672,-4.158954755915934
willija07,Jaylin Williams,test,-3.057014,-2.886639259999998,-2.36785491276109,-2.6783664706634727,-2.58074286889452
willike04,Kenrich Williams,train,-4.492659,-4.463239950000002,-4.464261028035407,-4.422790967705777,-4.414638746622926
willike04,Kenrich Williams,train,-3.999484,-3.742185509999997,-3.5915747585481395,-3.7575847018229194,-3.487394927893468
willike04,Kenrich Williams,val,-2.99699,-2.4293732100000005,-2.511997690155215,-2.4414211519212006,-2.3232109274654715
willilo02,Lou Williams,train,-2.302585,-2.1718326599999975,-2.1652231083425595,-2.2530079369319753,-2.1497784406146767
willima01,Mo Williams,train,-3.485356,-3.087543050000001,-2.900238790962724,-3.0941667043616774,-2.7904172244339303
willima02,Marvin Williams,train,-2.198256,-2.459534779999997,-2.8288557543738553,-2.4662831408673425,-2.814753698254911
willima02,Marvin Williams,train,-1.932909,-1.933056769999998,-1.9790356142095296,-1.9823930061689345,-2.006882437446167
willima07,Mark Williams,test,-2.597481,-2.35094069,-2.381051241372722,-2.3189957573041613,-2.355463444452197
willipa01,Patrick Williams,train,-2.61007,-3.2110816100000013,-3.3742147509510017,-3.4219777606281157,-3.652206545218751
willipa01,Patrick Williams,test,-2.055462,-2.1238991900000004,-2.2395131864373417,-2.30813713820903,-2.262671877913296
williro04,Robert Williams,test,-2.557617,-2.651209469999999,-2.4951510441239315,-2.561198947897598,-2.384251133248366
willitr02,Troy Williams,train,-4.866399,-4.81830198,-4.464261028035407,-4.775281890885483,-4.467256383466487
willitr02,Troy Williams,train,-4.149239,-4.221868150000003,-4.226718492401949,-4.199288425772679,-4.213408229845698
willitr02,Troy Williams,train,-4.751521,-4.521082210000007,-4.463526423064281,-4.540953893011801,-4.453699419231566
willizi02,Ziaire Williams,test,-3.208564,-3.48512904,-3.5515860826105574,-3.4233053563526132,-3.4806281857847594
wilsodj01,D.J. Wilson,val,-3.995515,-3.62346457,-3.635806487076962,-3.8109419630549923,-3.6054533749295907
winslju01,Justise Winslow,train,-3.316331,-3.2522167699999973,-3.2551757381263653,-3.3469808678242616,-3.308256092684395
winslju01,Justise Winslow,train,-2.127682,-2.4638247199999976,-2.6374308386646543,-2.547438949767573,-2.7387263816381906
wisemja01,James Wiseman,test,-4.07454,-3.532437809999998,-3.4634581845058685,-3.5215619293900247,-3.5497335240688215
wisemja01,James Wiseman,test,-3.995582,-3.6539069199999994,-3.576294435913498,-3.6652367722023835,-3.6575954999243625
witheje01,Jeff Withey,train,-4.268698,-4.122729939999992,-4.024629238418973,-4.08065319897469,-3.9096381921672667
witheje01,Jeff Withey,train,-4.074293,-3.966471600000005,-3.7506904088211344,-3.918318795633785,-3.675699296358726
woodch01,Christian Wood,train,-4.471639,-4.504230889999994,-4.32326193179163,-4.40502681551473,-4.356301358401081
woodch01,Christian Wood,train,-4.601385,-4.616530219999995,-4.490383138213024,-4.555733070312923,-4.465773179313742
woodch01,Christian Wood,train,-2.077672,-2.117455140000003,-2.0676529465854774,-2.1712103520443033,-2.208018911814642
woodch01,Christian Wood,val,-3.856757,-2.333382180000002,-2.3631681619195444,-2.272235364157596,-2.2574091869997774
wrighbr03,Brandan Wright,train,-2.508029,-2.541327229999996,-2.4420341802695194,-2.527209469091631,-2.4355312468698744
wrighde01,Delon Wright,train,-3.813471,-3.7607639699999957,-3.926373259774908,-3.8505263311547546,-3.941496405207772
wrighde01,Delon Wright,train,-2.457255,-2.435000900000002,-2.419855648880883,-2.4335778605298417,-2.3832656592715424
wrighde01,Delon Wright,val,-2.738054,-2.961849790000002,-3.0530511316452933,-2.782934970781178,-2.941392790751479
youngni01,Nick Young,train,-2.471753,-2.3008839700000037,-2.1624691347535476,-2.2304048589705743,-2.174438014095471
youngth01,Thaddeus Young,train,-1.645806,-1.779756909999998,-1.8335469193080087,-1.7764056884160986,-1.838794207897618
youngth01,Thaddeus Young,train,-2.077672,-1.9980228500000032,-1.8711773739592243,-1.9601472723752846,-1.82521288998348
youngth01,Thaddeus Young,val,-2.738054,-2.9506499600000002,-2.9581191816643186,-2.8631607234512475,-2.9643938529834806
youngtr01,Trae Young,train,-1.055551,-1.086695269999998,-1.042144907245696,-1.1227138726886725,-1.0460320506723906
youngtr01,Trae Young,test,-1.162397,-1.925637520000001,-2.180663380219905,-1.9827764974030622,-2.0204565938093264
yurtsom01,Omer Yurtseven,train,-4.239762,-4.302032909999998,-4.430811218315354,-4.3594430790663194,-4.386188233295946
yurtsom01,Omer Yurtseven,val,-3.908508,-3.8748149700000005,-4.068051490550826,-3.8946158698735864,-3.8656933391558015
zelleco01,Cody Zeller,train,-1.957001,-1.9415948699999988,-2.032450283415963,-1.9663177282709745,-1.985820108911095
zelleco01,Cody Zeller,test,-3.643827,-3.58170279,-3.2716302527612293,-3.3267474448195733,-3.1580503942577764
zellety01,Tyler Zeller,train,-2.34759,-2.7908967899999992,-2.9347626981136163,-2.9000664431570313,-3.042352158568186
zellety01,Tyler Zeller,train,-3.997222,-3.7915782000000036,-3.559347725472872,-3.7962010082290227,-3.5136407690039673
zipsepa01,Paul Zipser,train,-4.596108,-4.538062430000001,-4.1519338997563064,-4.409646085817564,-4.123353675026925
zubaciv01,Ivica Zubac,train,-4.480276,-4.431117140000001,-4.253467412531974,-4.338490019117957,-4.174378248472242
zubaciv01,Ivica Zubac,train,-2.746721,-2.7090660699999995,-2.732163325320205,-2.7684068759195,-2.823965003552676
zubaciv01,Ivica Zubac,val,-2.520993,-2.3407662399999998,-2.2069806339872176,-2.183838281002471,-2.158329352016141
zubaciv01,Ivica Zubac,test,-2.069023,-2.0764492799999994,-2.1268889817158216,-2.064166154968461,-2.1328718330211887
