player_id,player_name,split,log_aav_cap_share,linear_controls_only,linear_interpretable,linear_all_stats,linear_posinter
abrinal01,Álex Abrines,train,-2.798518,-3.888972568910818,-3.927807453513438,-3.9185902480888246,-3.9277576655829662
achiupr01,Precious Achiuwa,test,-3.411014,-3.2275261634156704,-2.9121026867972044,-2.9109134384082727,-2.9125297225830815
acyqu01,Quincy Acy,train,-4.233607,-3.4870925528157883,-3.402457999667224,-3.386943194946278,-3.403394435441167
acyqu01,Quincy Acy,train,-4.43596,-3.4014207649699797,-3.46545992734645,-3.4736409644664623,-3.46574413730144
acyqu01,Quincy Acy,train,-4.036443,-3.482290199334919,-3.6955100543716606,-3.6511380158948423,-3.6964265426813165
adamsst01,Steven Adams,train,-1.377183,-1.9513410891490837,-2.0184067939631487,-2.063369067866115,-2.0187597059965903
adamsst01,Steven Adams,train,-1.830431,-2.8497716590127005,-2.180463925348411,-2.1633478611817596,-2.178368852922396
adamsst01,Steven Adams,val,-2.379112,-2.3432184532097255,-2.1861830878726645,-2.259633972857109,-2.183848284752794
adamsst01,Steven Adams,test,-2.571506,-1.633249044104553,-2.6052988453080417,-2.7127274742436427,-2.60415746144158
adebaba01,Bam Adebayo,train,-1.237876,-1.673431685334391,-1.3651297883949791,-1.368081507077297,-1.3654961252179012
adebaba01,Bam Adebayo,test,-1.062461,-2.0701114028759022,-1.4905464891147018,-1.5160884245064046,-1.4912779961941078
afflaar01,Arron Afflalo,train,-2.169054,-3.0842438722136643,-2.6253824407719937,-2.6067699174317003,-2.6199585215325167
afflaar01,Arron Afflalo,train,-2.019086,-2.9985720843678556,-2.5994709733671444,-2.5811958519803233,-2.5941637984332235
ajincal01,Alexis Ajinça,train,-2.679879,-2.2316945746632157,-2.86310583275662,-2.879324959150425,-2.862926355760214
aldamsa01,Santi Aldama,test,-2.178944,-2.969725268257999,-2.5824049947606293,-2.5939482594636543,-2.5825624890370102
aldrico01,Cole Aldrich,train,-4.095774,-3.304694531719173,-3.4140775067375215,-3.4324084762740377,-3.413229879930688
aldrico01,Cole Aldrich,train,-2.556941,-2.7660686983056175,-3.111438374616354,-3.140161535759349,-3.110051215271466
aldrila01,LaMarcus Aldridge,train,-1.202783,-2.0586503150631374,-1.3100687486724731,-1.3110731134330444,-1.3112879410385887
aldrila01,LaMarcus Aldridge,train,-1.404812,-2.1846300068315676,-1.6264735788165425,-1.6516696598123883,-1.628146733756192
alexani01,Nickeil Alexander-Walker,val,-3.408732,-3.431182733368052,-3.5545861614089294,-3.569090119559281,-3.551838804298096
alexani01,Nickeil Alexander-Walker,test,-2.300305,-1.914014650766106,-2.121986290182885,-2.1026696696198064,-2.1177362156785122
allengr01,Grayson Allen,test,-2.178944,-1.9178398587558578,-1.8241097965185937,-1.7887748538590746,-1.8182498337629638
allenja01,Jarrett Allen,train,-1.726456,-2.040007602404048,-1.7395309015515452,-1.7008951172971591,-1.7391194910758054
allenja01,Jarrett Allen,test,-1.63198,-2.08031550632667,-1.428600952972206,-1.4301145653159386,-1.4283653208094669
allenla01,Lavoy Allen,train,-2.85597,-3.3370790156084937,-3.2681429721038087,-3.2931151551818787,-3.2677787256577315
alvarjo01,Jose Alvarado,test,-3.537068,-2.9457456453109856,-3.174841202835249,-3.2005528727582475,-3.1769155858506224
alvarjo01,Jose Alvarado,test,-3.569229,-3.0630395458497492,-3.164595427874569,-3.1373650742367944,-3.1664798376224
aminual01,Al-Farouq Aminu,train,-4.104945,-3.28542090593191,-2.9178952619052865,-2.954225702746415,-2.9179536311418426
aminual01,Al-Farouq Aminu,train,-2.233592,-2.2938410269506084,-2.5663293781377003,-2.596340143638026,-2.566220524828811
aminual01,Al-Farouq Aminu,train,-2.417075,-2.404107921135121,-2.2779533734238506,-2.3114405945906675,-2.277828667178881
anderal01,Alan Anderson,train,-3.881802,-3.1384424199108056,-3.3262328283962304,-3.336057478262927,-3.3286687023034
anderch01,Chris Andersen,train,-2.497914,-2.7744967196718058,-3.0747047781905272,-3.1316092418463746,-3.074009347358196
anderju01,Justin Anderson,train,-3.856453,-4.050402959606282,-4.024540909208397,-4.049664358964884,-4.024641274743653
anderju01,Justin Anderson,train,-3.996987,-3.490793618877225,-4.162717133061432,-4.086882733615506,-4.162339479052455
anderky01,Kyle Anderson,train,-4.030837,-4.050402959606282,-4.0239287906597365,-4.049664358964884,-4.023915949310409
anderky01,Kyle Anderson,train,-2.393673,-2.0640996776019573,-2.1067786142393423,-2.1141466689717006,-2.1067016720528366
anderky01,Kyle Anderson,val,-2.620271,-3.067237033129052,-2.9197064657781575,-2.932034026163383,-2.919307310624572
anderky01,Kyle Anderson,test,-2.724459,-2.0030229960948525,-2.2748506434424924,-2.276660944101496,-2.2754251592827304
anderry01,Ryan Anderson,train,-1.549083,-2.152825522451252,-2.090565149950341,-2.071006605603844,-2.0934108478366062
antetgi01,Giannis Antetokounmpo,train,-1.377183,-1.9700486121421577,-1.5459712031395134,-1.5917244680225666,-1.5481682732942454
antetgi01,Giannis Antetokounmpo,train,-0.901404,-1.3409486374019244,-0.4898798400725082,-0.4676805205959229,-0.48924018965753735
antetgi01,Giannis Antetokounmpo,val,-0.877548,-1.8233001427892441,-0.8925448366263509,-0.9057165846618367,-0.8936921097375499
antetth01,Thanasis Antetokounmpo,train,-4.60517,-4.192763419225501,-4.10643525760538,-4.107070235859919,-4.106469575901199
antetth01,Thanasis Antetokounmpo,train,-4.238376,-3.3719430357319493,-3.6722510432728006,-3.5828893606909555,-3.6732053079094396
antetth01,Thanasis Antetokounmpo,train,-4.131628,-3.2005994600403325,-3.7871801621896437,-3.788251281430653,-3.788095173202742
anthoca01,Carmelo Anthony,train,-0.932516,-1.311550099131859,-0.7620712142179045,-0.7616413011632761,-0.7654792004039468
anthoco01,Cole Anthony,val,-2.378323,-2.472322491055281,-2.4810292468584136,-2.5310924804601393,-2.4838369437542207
anunoog01,OG Anunoby,train,-1.831817,-2.006134162092915,-2.066186151523663,-2.092377496794926,-2.0680509608989297
anunoog01,OG Anunoby,test,-1.19633,-1.7855432647293141,-1.9424037184905,-1.9278139989134726,-1.9456846828676455
arcidry01,Ryan Arcidiacono,train,-4.873319,-4.3615453812122915,-4.236646262194495,-4.230929641266405,-4.236621954472211
arcidry01,Ryan Arcidiacono,train,-3.594019,-3.62639678556455,-3.3269128947690594,-3.319859791853589,-3.329101379170643
arizatr01,Trevor Ariza,train,-2.064724,-1.5628240798405653,-1.5774998561244167,-1.586433980564306,-1.579004687685433
arizatr01,Trevor Ariza,train,-2.166903,-2.480289647521851,-2.3517312024400883,-2.339627939480491,-2.3537755115863934
arthuda01,Darrell Arthur,train,-3.192443,-3.0156504130810253,-3.3327398924086262,-3.3527120390223435,-3.3340717980784986
asikom01,Ömer Aşık,train,-1.79749,-1.9441317111074718,-2.0634685554296297,-2.0533672443330104,-2.062132614717873
augusdj01,D.J. Augustin,train,-3.045554,-3.2785466806695087,-2.8139379530945847,-2.831713077183565,-2.8173219066839876
augusdj01,D.J. Augustin,train,-2.563813,-2.2012950138423983,-2.6008940642373375,-2.559909765919386,-2.6034281709907683
augusdj01,D.J. Augustin,train,-2.746721,-2.478103130237658,-2.625764070430324,-2.565589562922498,-2.6288786890349
avdijde01,Deni Avdija,val,-2.324795,-1.982803741455617,-2.219164111782945,-2.2393581297061194,-2.22089904273281
aytonde01,Deandre Ayton,val,-1.313967,-1.9123854564862013,-1.5707290209143714,-1.590849097450033,-1.5702146241886612
aytonde01,Deandre Ayton,test,-2.948664,-3.0011945998591045,-2.596813993001108,-2.6173266271142017,-2.596426111886722
babbilu01,Luke Babbitt,train,-4.095774,-3.328504106437631,-3.5941448356046166,-3.592770454499321,-3.594948911367079
bacondw01,Dwayne Bacon,train,-4.357042,-3.8711153878719746,-3.9268089896117004,-3.909973028659034,-3.9268935004881436
bacondw01,Dwayne Bacon,train,-4.133016,-3.669790272156918,-3.8763894909977843,-3.796184956358285,-3.874805173566253
baglema01,Marvin Bagley III,val,-2.291767,-2.952718429173386,-2.9509862014067028,-2.951755291572393,-2.95177743229535
bakerro01,Ron Baker,train,-3.106531,-3.6908100245545925,-3.855838493545533,-3.8342711641848037,-3.8550068973148672
ballla01,LaMelo Ball,val,-1.237887,-1.570666109690941,-1.5793648062988608,-1.5776353631583124,-1.5837944042989993
balllo01,Lonzo Ball,train,-1.726456,-1.9651066576485003,-2.010569083455852,-2.029331761902859,-2.0132770027589344
balllo01,Lonzo Ball,test,-2.83387,-2.659207109833579,-3.18978225045978,-3.246414375489234,-3.1914153059989405
bambamo01,Mo Bamba,val,-2.485352,-3.4090738425580556,-2.8949436186193163,-2.9180579777923934,-2.8946734919576786
bambamo01,Mo Bamba,test,-3.854134,-3.066386691174821,-3.9031590954774353,-3.8751162674176327,-3.9021856168313938
bantoda01,Dalano Banton,train,-4.503053,-4.073362192370508,-4.054239072773154,-4.060743641088901,-4.054401359929674
bantoda01,Dalano Banton,val,-4.166121,-3.338213596722766,-3.8585312427429366,-3.8742095858018604,-3.859698593627786
barbole01,Leandro Barbosa,train,-3.158521,-2.6694904042523118,-3.195742073436022,-3.2113761927618856,-3.1929716132024186
bareajo01,J.J. Barea,train,-2.862201,-2.2665480069445376,-2.800998108383707,-2.773739797827813,-2.803496118180418
bargnan01,Andrea Bargnani,train,-3.873489,-2.9688101159697835,-3.010947511475283,-3.062458070124626,-3.013590431553759
barneha02,Harrison Barnes,train,-1.383568,-1.9353446892504282,-1.8692688243798976,-1.8575915373705592,-1.8715617445755024
barneha02,Harrison Barnes,train,-1.636275,-2.2512524396105205,-1.9729424198257703,-1.9510849835679083,-1.976715394341564
barneha02,Harrison Barnes,val,-2.055462,-1.7529345101195868,-1.6642273371258667,-1.6860069638237394,-1.6676476420972652
barnema02,Matt Barnes,train,-2.732436,-2.72795124956274,-2.6056429291467267,-2.629942105659614,-2.6068395347532487
bartowi01,Will Barton,train,-2.986254,-3.084308682547649,-3.3313813124973635,-3.3184760368072053,-3.328103114904595
bartowi01,Will Barton,train,-2.03969,-2.3743392734424766,-2.010509810436973,-1.967417880965047,-2.002636108925695
bartowi01,Will Barton,train,-2.014138,-3.0232320010405442,-2.8211213210054615,-2.8129912761361955,-2.8240140862790546
bassbr01,Brandon Bass,train,-3.127632,-2.74587992023014,-2.5536046099741223,-2.5420591069888747,-2.5548673909648265
bassech01,Charles Bassey,train,-4.357545,-3.8634623102838987,-3.9070152501566455,-3.9062799346176957,-3.906713529895172
bateske01,Keita Bates-Diop,train,-4.361323,-3.7313059541154474,-3.8459532600176733,-3.8537981831111123,-3.84593655966286
bateske01,Keita Bates-Diop,train,-4.131628,-3.363439616189643,-3.939126501768149,-3.934505956747652,-3.9397036378070283
bateske01,Keita Bates-Diop,val,-3.996519,-3.192096040498026,-3.141612223299691,-3.1400423329517735,-3.143484048473602
batumni01,Nicolas Batum,train,-1.366761,-1.1763481039350836,-1.3197856632645668,-1.332571242909926,-1.3227996912548052
batumni01,Nicolas Batum,train,-3.543533,-2.2398579995319627,-2.4722616067234826,-2.562385671364805,-2.473031073363075
batumni01,Nicolas Batum,val,-2.394908,-2.287192909808836,-2.6089036503900838,-2.6757926951014697,-2.609693370817881
batumni01,Nicolas Batum,test,-3.377218,-2.115849334117219,-2.60347089049006,-2.658921047541859,-2.604089145609061
batumni01,Nicolas Batum,test,-3.293686,-2.1631842443940923,-2.7213529591075187,-2.773780526554034,-2.7214400551695648
bayleje01,Jerryd Bayless,train,-3.045554,-3.264090867447588,-3.061715341095015,-3.0400678929198754,-3.064455027625635
baynear01,Aron Baynes,train,-2.376693,-2.98516381484913,-3.158054886045377,-3.1548882157467437,-3.158528284681239
baynear01,Aron Baynes,train,-2.955981,-3.314109195002133,-3.1503038219849566,-3.1273675450093923,-3.1502883302809295
baynear01,Aron Baynes,train,-2.722029,-3.4423135396439455,-3.319878002664214,-3.266648994315884,-3.320726632031885
bazemke01,Kent Bazemore,train,-3.451019,-3.62639678556455,-3.7588766545096792,-3.735225163599484,-3.7567455482345324
bazemke01,Kent Bazemore,train,-1.682614,-2.549145118737439,-2.5326039529376545,-2.526953732791332,-2.534573247580006
bealbr01,Bradley Beal,train,-1.308492,-1.8046065165109866,-1.8923848429778392,-1.8815487489420384,-1.8847731647443169
bealbr01,Bradley Beal,train,-1.135285,-2.297868466001355,-1.4166256050766852,-1.4272215600843223,-1.4039162682986182
bealbr01,Bradley Beal,val,-0.901401,-1.4235824875588172,-1.5604083002146287,-1.5332689539128639,-1.5494535876144488
bealbr01,Bradley Beal,test,-3.338217,-2.525429260724631,-2.44239132573572,-2.449330584208451,-2.4345316331567615
beaslma01,Malik Beasley,train,-1.984581,-2.5741153214967754,-2.83444301417626,-2.75816782504114,-2.8300308635908684
belinma01,Marco Belinelli,train,-2.831928,-2.8187250891339324,-2.7519792793962337,-2.762846361781151,-2.7464942074944965
belljo01,Jordan Bell,train,-4.505304,-4.328321143210875,-4.157713256706719,-4.161193362495987,-4.157370399212883
bembrde01,DeAndre' Bembry,train,-4.077446,-3.5934722458076465,-3.677032474160556,-3.645098178667612,-3.67421750665432
bendedr01,Dragan Bender,train,-4.133016,-3.4794394752277125,-3.6262118877038154,-3.6408801886694655,-3.626937073537747
bertada01,Dāvis Bertāns,train,-2.642686,-3.4525127718523745,-3.3547349211569815,-3.392745687305607,-3.3555477608135127
bertada01,Dāvis Bertāns,train,-1.920043,-2.088848281668265,-2.151537375406672,-2.1007851557570607,-2.1547609879196346
beverpa01,Patrick Beverley,train,-2.499295,-2.7178767667799413,-2.5125101962224505,-2.489413680289317,-2.514759444638803
beverpa01,Patrick Beverley,train,-2.102364,-2.8281436609644537,-2.6101047002685296,-2.600714804316754,-2.6111050565030154
beysa01,Saddiq Bey,test,-3.100007,-2.969725268257999,-2.463279520885549,-2.4463560701846863,-2.4652783577289674
birchkh01,Khem Birch,train,-4.537209,-4.46223908507421,-4.272656249457128,-4.268228672825262,-4.27214563860838
birchkh01,Khem Birch,train,-3.594019,-3.727090489426468,-3.7285262056493713,-3.764203735021831,-3.727537856812183
birchkh01,Khem Birch,train,-2.825068,-3.102792868167104,-3.0171858775215967,-2.989857949461806,-3.017333245013191
bitadgo01,Goga Bitadze,test,-2.82557,-2.854291512014118,-3.08902482439844,-3.124805280433312,-3.088051745622199
biyombi01,Bismack Biyombo,train,-3.192443,-3.122652239411156,-3.0504115730893404,-3.125571195313306,-3.0496755746913555
biyombi01,Bismack Biyombo,train,-1.654443,-2.2640790585525363,-2.3083091343048414,-2.3439756088980395,-2.3072749221839697
bjeline01,Nemanja Bjelica,train,-2.701875,-3.0392405589734253,-3.0183545625728487,-3.032470479089008,-3.0188270576172487
blackta01,Tarik Black,train,-4.537209,-4.447783271852289,-4.261261675969097,-4.261252828524956,-4.260680001159685
blackta01,Tarik Black,train,-2.684618,-3.712634676204547,-3.8899197674920107,-3.876058269166321,-3.889593343625865
blakean01,Antonio Blakeney,train,-4.252124,-3.847626297395732,-4.03867828771571,-3.988535385691364,-4.035857449651881
blakest01,Steve Blake,train,-3.390394,-2.7265348048143205,-3.0072554744331526,-3.0528847493620317,-3.009386042955555
bledser01,Eric Bledsoe,train,-1.609438,-1.4560826954012906,-1.7554380618776801,-1.7886960667591354,-1.7591912364212101
bledser01,Eric Bledsoe,train,-1.830431,-1.647219023950742,-1.617948784192685,-1.5943381088221826,-1.6207038099537678
bogdabo01,Bogdan Bogdanović,train,-2.398834,-3.4686939256870057,-3.737526864029256,-3.749655367662687,-3.738177463083125
bogdabo01,Bogdan Bogdanović,train,-1.80226,-1.9215443030616204,-2.004040957419475,-1.9987965346547583,-1.997311066343935
bogdabo01,Bogdan Bogdanović,val,-2.11262,-1.6288672297462667,-2.005892271005342,-2.020564139543537,-2.000156452896057
bogdabo02,Bojan Bogdanović,train,-2.910634,-3.866863678100821,-3.9105424901475656,-3.9079213097471794,-3.9104139826878797
bogdabo02,Bojan Bogdanović,train,-2.244684,-3.498997340175017,-2.9059363771139095,-2.9184635801645813,-2.9091115161134495
bogdabo02,Bojan Bogdanović,train,-1.787097,-2.421745673347907,-1.9163312934798253,-1.8995463962342631,-1.9198797628957454
bogdabo02,Bojan Bogdanović,val,-1.941626,-2.4620535772705288,-2.0795411855831736,-2.1103199481126564,-2.083393024755667
bogutan01,Andrew Bogut,train,-1.659259,-1.9801879052589406,-2.5281506712102484,-2.631480629325615,-2.527086865207954
bolbo01,Bol Bol,val,-4.029038,-3.5897711797462097,-4.236517545637354,-4.199603585666131,-4.236472225273312
boldejo01,Jonah Bolden,train,-4.064072,-3.414759974487305,-3.6699345260015575,-3.6591630386044525,-3.6699165184974425
bonaad01,Adem Bona,test,-4.265265,-3.4062565549449992,-3.6627997520330733,-3.655059600780743,-3.6626600314570963
bongais01,Isaac Bonga,train,-4.316203,-3.9059794079954306,-3.9529397582843186,-3.926797123736244,-3.9529459376440164
bookede01,Devin Booker,train,-3.471467,-4.070811166507816,-4.053200453970197,-4.0595126097417875,-4.05352999959741
bookede01,Devin Booker,train,-1.237893,-1.5485572188809444,-1.534743626052804,-1.554749072983831,-1.5234097305978582
bookede01,Devin Booker,val,-0.903478,-1.6588241130654566,-1.192314568794978,-1.200967164405805,-1.1784201382359791
bookede01,Devin Booker,test,-0.943548,-2.3077168406635242,-1.5633848545865154,-1.5367772509130555,-1.551300222229039
booketr01,Trevor Booker,train,-2.556974,-3.4116248684207475,-3.0895757920028237,-3.105200857690741,-3.089496795137038
booketr01,Trevor Booker,train,-2.320191,-3.2402812927291302,-2.9829800461521945,-2.975062006287507,-2.9824529370047306
bouchch01,Chris Boucher,train,-2.783089,-3.9216929961268265,-3.718317307536349,-3.707343984312717,-3.7174262766313015
bouchch01,Chris Boucher,val,-2.353642,-3.1308541526567146,-2.7498500614861405,-2.6902589922068567,-2.7496682372921364
bradlav01,Avery Bradley,train,-2.064724,-2.2805197948429603,-2.3675286464676297,-2.35893260206145,-2.3613957998007122
bradlav01,Avery Bradley,train,-2.09956,-2.8437407345952193,-2.800817492524819,-2.766761943829112,-2.79563024372044
bradlav01,Avery Bradley,train,-3.106462,-2.7580689467494106,-2.8795720851411164,-2.881420713291177,-2.8766678592311563
bradlto01,Tony Bradley,train,-4.072471,-3.1286046330907706,-3.3297516303817796,-3.359242236866495,-3.329229623848706
brazdig01,Ignas Brazdeikis,train,-4.506152,-4.324069433439721,-4.167763160025361,-4.159141643584132,-4.167681418122669
breweco01,Corey Brewer,train,-2.194372,-2.651698033547453,-2.4742172374970877,-2.4491527824299357,-2.4761269299131636
bridgmi01,Mikal Bridges,test,-1.512114,-1.6562730872027647,-1.4049265697725826,-1.4124000286978002,-1.4101090962992804
bridgmi02,Miles Bridges,test,-1.726958,-2.789878273024075,-2.136416099943969,-2.1373357982258936,-2.140093641117016
briscis01,Isaiah Briscoe,train,-4.219891,-3.571637149114868,-3.8167180972370343,-3.777277631057744,-3.816990482095315
brissos01,Oshae Brissett,val,-4.0734,-3.442298080559473,-3.511196439240391,-3.473645192605642,-3.512499099492865
broekry01,Ryan Broekhoff,train,-4.50147,-4.477545240250361,-4.2977082602413645,-4.27561486090794,-4.297478329214498
brogdma01,Malcolm Brogdon,train,-1.636275,-2.1506218074019965,-1.9221149828463995,-1.9264922902397696,-1.9135548941394345
brogdma01,Malcolm Brogdon,train,-1.70398,-2.7165179149452623,-2.106217649256525,-2.1177945010255654,-2.110503187360276
brookar01,Armoni Brooks,train,-4.134402,-3.0248389682433556,-3.2083745431910327,-3.1759581504641163,-3.2037280126254237
brookdi01,Dillon Brooks,train,-2.265453,-2.604850035096803,-2.4905414982479055,-2.4836637647932016,-2.484197631825411
brookdi01,Dillon Brooks,val,-1.844756,-1.8970078116814932,-2.058398865503773,-2.045198106486173,-2.062480845135668
brownan02,Anthony Brown,train,-4.39545,-3.8685643620092827,-3.924546133711423,-3.908741997311921,-3.924571489289391
brownan02,Anthony Brown,train,-4.678346,-3.8385828219858436,-3.9457173449054634,-3.903368433701619,-3.9477596806463824
brownbr01,Bruce Brown,train,-4.348584,-3.6212584887569923,-3.8151614049987965,-3.811985369946174,-3.815717209322348
brownbr01,Bruce Brown,val,-2.924383,-3.1677203629853796,-2.8140276994635096,-2.8481563908891396,-2.8150475162083493
brownbr01,Bruce Brown,val,-1.799294,-3.2150552732622533,-2.6461452523323885,-2.64443337902903,-2.6484440096839355
browngr01,Greg Brown III,train,-4.357545,-3.883870517185434,-3.923587800987214,-3.916128185394599,-3.923476305902083
brownja02,Jaylen Brown,train,-1.412661,-1.9870554512267702,-2.0989359151936906,-2.1125539397377624,-2.0930162249907704
brownja02,Jaylen Brown,val,-0.901415,-1.1914142542757893,-1.038232167188133,-1.0326732546320443,-1.043213741710118
brownma02,Markel Brown,train,-4.537209,-4.350430034020871,-4.176202457169913,-4.171862300837632,-4.17616473297446
brownst02,Sterling Brown,train,-4.35967,-3.872816071780436,-3.9157204674901025,-3.9107937162237763,-3.915711121246095
brownst02,Sterling Brown,train,-3.623576,-3.419277946008823,-3.3031414547052123,-3.289572683724611,-3.298863656015299
browntr01,Troy Brown Jr.,val,-3.526515,-3.3370075259799368,-3.1295816247615447,-3.141892933058674,-3.130771116648476
brunsja01,Jalen Brunson,train,-4.195157,-3.4445219428853777,-3.707299288096815,-3.6735250709874365,-3.707802834702123
brunsja01,Jalen Brunson,val,-1.559399,-2.538029771546018,-2.0603692620518848,-2.0250443061123815,-2.052535122008097
brunsja01,Jalen Brunson,test,-1.374383,-1.7581013721789553,-1.000717957326693,-0.9620685275743708,-1.0068150324886127
brussni01,Nicolás Brussino,train,-4.727136,-4.041598033767228,-4.056488169638799,-4.034653121630261,-4.056176135080841
bryanko01,Kobe Bryant,train,-0.966112,-1.8694534962282279,-1.3246862090698506,-1.3875647548095138,-1.3101213010819615
bryanth01,Thomas Bryant,train,-4.505304,-4.168103502552812,-4.08690743833923,-4.095170266171161,-4.08680388180736
bryanth01,Thomas Bryant,train,-2.572368,-2.9800008613373232,-2.8052372324869927,-2.8513350375482087,-2.8055729623431205
bryanth01,Thomas Bryant,val,-3.925129,-3.0902677555218356,-3.099283881686807,-3.1341458597304612,-3.0993153735673005
bullore01,Reggie Bullock,train,-3.679768,-3.431182733368052,-3.7968066688357043,-3.782983066029521,-3.797631451116963
bullore01,Reggie Bullock,train,-3.281644,-3.2598391576764345,-2.977759809462145,-2.933681013637436,-2.9731460133772893
bullore01,Reggie Bullock,train,-2.418271,-2.6355415364170707,-2.639660262848934,-2.6143271898052394,-2.642273999055777
burketr01,Trey Burke,train,-4.361323,-3.3960523086949213,-3.2930212150075207,-3.3010522326051004,-3.2959309990346988
burketr01,Trey Burke,train,-3.545229,-2.771754687435558,-3.2859069392382336,-3.268192920794378,-3.287937394584895
burksal01,Alec Burks,train,-1.89712,-1.8617018306921638,-2.0531332708308265,-2.080986874282127,-2.04764223515353
burksal01,Alec Burks,train,-2.419603,-2.323538185014696,-2.5744258085866165,-2.5816409898835633,-2.5674180781997755
butleja02,Jared Butler,train,-4.503053,-4.2148723100354974,-4.11191928631435,-4.117739174201565,-4.112049972666062
butleji01,Jimmy Butler,train,-1.628884,-1.2621356157340453,-0.919189664642218,-0.9202598176179064,-0.9084526405191782
butleji01,Jimmy Butler,train,-1.131656,-1.6740776159418496,-1.1583942656824942,-1.0979884397018806,-1.147261840682035
butleji01,Jimmy Butler,train,-0.929765,-1.7870196779173688,-1.3409972306082565,-1.3733942874126535,-1.3423360639228097
butleji01,Jimmy Butler,test,-1.120433,-2.196834492435311,-1.7276109437135951,-1.6894504657652896,-1.7290747630562464
cabocbr01,Bruno Caboclo,train,-3.74539,-4.0606070630570485,-4.031449917889194,-4.054588484353337,-4.031390680522308
cabocbr01,Bruno Caboclo,train,-4.522889,-3.500997722327993,-3.5980814964331107,-3.5553780351827053,-3.59938761557131
caldwke01,Kentavious Caldwell-Pope,train,-2.577581,-2.861669405262619,-2.537356650731013,-2.552694274513416,-2.532214080191987
caldwke01,Kentavious Caldwell-Pope,train,-2.125121,-2.6225914921824938,-2.5639659506754278,-2.554174440169762,-2.560160246195804
caldwke01,Kentavious Caldwell-Pope,val,-2.199772,-2.1290759161724297,-2.144833495279731,-2.1896894235733093,-2.1395999355937603
caldwke01,Kentavious Caldwell-Pope,test,-1.854791,-2.2463698167111934,-2.241083271325344,-2.265181587973566,-2.236965224141664
camarto01,Toumani Camara,val,-4.265706,-3.410508264716152,-3.6796783700458686,-3.6571113196925977,-3.679864874690605
camarto01,Toumani Camara,test,-2.1283,-2.066774845392964,-2.0068909714024987,-2.0540979113206883,-2.0091447653539465
campafa01,Facundo Campazzo,train,-3.380253,-4.661093301545722,-4.4031422068122055,-4.35944978381996,-4.4032305680453465
canaais01,Isaiah Canaan,train,-4.496025,-3.521106230985014,-3.1683631485106623,-3.147892947508793,-3.1644909371486394
cancavl01,Vlatko Čančar,train,-4.356159,-3.725353560435833,-3.8413874012237965,-3.850925776634515,-3.841364746537889
cancavl01,Vlatko Čančar,val,-3.996248,-2.904533176942282,-3.711111644376379,-3.708529590040812,-3.712043323695985
capelca01,Clint Capela,train,-3.949422,-4.028294068796285,-4.006357768019534,-4.038995420623239,-4.006209603698699
capelca01,Clint Capela,train,-1.69425,-2.5222151064894183,-1.8555889013545634,-1.898284070574313,-1.8530564338700846
capelca01,Clint Capela,test,-3.090011,-1.8952423174390474,-2.1906319372943033,-2.169120144678311,-2.1893134541074684
carrode01,DeMarre Carroll,train,-1.574347,-2.345427646998635,-2.1292449125201385,-2.0889464192001643,-2.1307950796263198
carrode01,DeMarre Carroll,train,-2.341256,-2.4687321709760583,-2.494473409673896,-2.469055952060102,-2.4959860058540615
carteje01,Jevon Carter,train,-3.348897,-3.054351799228459,-3.370601746906508,-3.365176082142857,-3.3724512445154247
carteje01,Jevon Carter,val,-4.042768,-3.1694210468938406,-3.4466545407795444,-3.4462862253142683,-3.448657489297455
carteje01,Jevon Carter,val,-3.041007,-2.7638019116029677,-2.823152960376641,-2.8199265707604546,-2.825766569406062
cartemi01,Michael Carter-Williams,train,-3.498709,-3.2077018939186916,-3.4039864325628764,-3.421610329364024,-3.3996038997957645
cartevi01,Vince Carter,train,-2.757872,-2.0230838921829513,-2.288242184250726,-2.363607428840509,-2.281954801239817
cartewe01,Wendell Carter Jr.,train,-2.291767,-1.9470893793779305,-2.187263828987538,-2.2219785489044286,-2.187905604855926
cartewe01,Wendell Carter Jr.,test,-2.06817,-2.143028061408251,-2.2272002688741255,-2.2651101809128535,-2.2276148641213145
carusal01,Alex Caruso,train,-3.681031,-3.7670565612753073,-3.7614521681249204,-3.7542600937171864,-3.763162659382534
carusal01,Alex Caruso,train,-2.497565,-2.689804894448197,-3.010352910646054,-2.9806637286746005,-3.0115165327667714
carusal01,Alex Caruso,test,-2.031757,-1.9907459294460732,-2.259981099346958,-2.2288605871738727,-2.255065974131153
casspom01,Omri Casspi,train,-3.149883,-3.242832318591822,-3.1364184534593953,-3.141613645867488,-3.1377436094560327
caulewi01,Willie Cauley-Stein,train,-3.002901,-3.775886143818611,-3.9042282621632545,-3.939776730563266,-3.9044745874643754
caulewi01,Willie Cauley-Stein,train,-3.89063,-3.1354073687246156,-2.515242270360062,-2.5477609143035322,-2.514843625217856
caulewi01,Willie Cauley-Stein,train,-3.281644,-3.349283501212237,-3.076006860110213,-3.084107300082685,-3.0751308636090124
cavanty01,Tyler Cavanaugh,train,-4.5665,-4.624528597513804,-4.37172813648933,-4.341805001178008,-4.371157283251965
chalmma01,Mario Chalmers,train,-2.721058,-3.2725942869898943,-2.729012705126773,-2.7225196013237953,-2.7310226452262087
champju02,Julian Champagnie,val,-3.814197,-2.787452959281791,-3.325998129036902,-3.3072595332939705,-3.328293529275646
champju02,Julian Champagnie,test,-2.523715,-2.507813515759348,-2.3383394052261486,-2.367236025846344,-2.3397799352402395
chandke01,Kennedy Chandler,val,-4.239479,-3.46152878196999,-3.708257605005231,-3.681731946634856,-3.7087392090694795
chandty01,Tyson Chandler,train,-1.683546,-1.6430465051475538,-1.6547619664920439,-1.6755282340462336,-1.6525151490843775
chandwi01,Wilson Chandler,train,-2.091657,-1.415485710424278,-1.6979153996372058,-1.7158232195021392,-1.701066230889209
chrisca02,Cam Christie,test,-4.265265,-3.4445219428853777,-3.693681997793932,-3.6735250709874365,-3.693863572272165
chrisma02,Max Christie,val,-4.502685,-4.350430034020871,-4.188289451101145,-4.171862300837632,-4.188290681821306
chrisma02,Max Christie,test,-2.866392,-2.7093733472376353,-3.209720436175247,-3.1796349480944857,-3.2086509018514873
chrisse01,Semaj Christon,train,-4.727136,-3.897475988453124,-3.9352482867562526,-3.9226936859125345,-3.935376815339935
cissemo01,Moussa Cisse,test,-4.269355,-3.383900306902439,-3.6114913029238798,-3.6270505536378606,-3.6103520751664955
cissosi01,Sidy Cissoko,val,-4.35701,-3.871965729826205,-3.927461255153683,-3.910383372441405,-3.9275466166488537
clarkbr01,Brandon Clarke,val,-2.387081,-1.9938581868606153,-2.124702465544765,-2.1728300027959517,-2.1249460372019118
clarkga01,Gary Clark,train,-3.974792,-3.900434447271061,-4.011820679569684,-3.989625338562504,-4.012256560221239
clarkja02,Jaylen Clark,test,-3.932482,-3.235244051337731,-3.4163759751649705,-3.394050259690696,-3.4146703899626303
clarkjo01,Jordan Clarkson,train,-4.537209,-4.2140219680812665,-4.1106549022237076,-4.1173288304191935,-4.110671531072107
clarkjo01,Jordan Clarkson,train,-2.019086,-2.5729652812980306,-2.2948781103708935,-2.289436847467895,-2.2882606938623877
clarkjo01,Jordan Clarkson,train,-2.136956,-2.396819352125544,-2.372961868216205,-2.3642004837339825,-2.3658605146427245
claxtni01,Nic Claxton,train,-4.356159,-3.876217439597358,-3.9164931740120514,-3.91243509135326,-3.9161476095892027
claxtni01,Nic Claxton,val,-2.66283,-3.508351101671554,-3.307613918730957,-3.3437821534375174,-3.3073313970764433
claxtni01,Nic Claxton,test,-1.757417,-2.4310994348444437,-2.022519567559211,-1.9928830734274037,-2.0218747802416193
collida01,Darren Collison,train,-2.293474,-3.1140058406117364,-2.668173752844883,-2.6414527279438635,-2.6720051390199897
colliis01,Isaiah Collier,test,-3.774901,-3.2945084056780827,-3.631315484478892,-3.6124261000510627,-3.631859774228408
collijo01,John Collins,train,-1.503313,-1.9214567175032866,-1.6792516020711674,-1.676296437871803,-1.6809214646257882
collijo01,John Collins,test,-2.303242,-2.0920961517575836,-2.104611069330684,-2.0991621637876974,-2.106344634967403
collini01,Nick Collison,train,-3.223059,-2.3469195192711623,-2.8468985915271365,-2.8670190130052164,-2.8472567805122444
colliza01,Zach Collins,train,-2.727488,-2.9399632998599268,-3.283496205762755,-3.196689931798759,-3.2839851592058076
colliza01,Zach Collins,val,-2.088789,-2.612988946060611,-2.7754161584942865,-2.8292839703380754,-2.776917607216703
colliza01,Zach Collins,test,-3.091699,-2.355973582523185,-3.1052184352122185,-3.1523421799368063,-3.1058954804616086
conlemi01,Mike Conley,train,-1.126433,-1.536465217940006,-1.6221306016289634,-1.5954118273046605,-1.6256132931536995
conlemi01,Mike Conley,train,-1.600705,-2.1470210679691384,-2.1280954648462362,-2.136345858097327,-2.1303410832007876
conlemi01,Mike Conley,test,-2.701746,-1.9009161485347612,-2.005381366637435,-1.9975735519453481,-2.007722763832366
connapa01,Pat Connaughton,train,-4.430817,-3.482299396954696,-3.7352640002210817,-3.756220868180623,-3.735776047374397
connapa01,Pat Connaughton,train,-3.018655,-2.6566766599802754,-2.9045148802120444,-2.8935316419928845,-2.901515094165337
connapa01,Pat Connaughton,val,-2.66962,-1.843213736525147,-2.2120081967956726,-2.241788252794403,-2.214356324207709
cookqu01,Quinn Cook,train,-5.011574,-4.110043410903056,-4.305527266826886,-4.229033320732595,-4.307921860118368
cookqu01,Quinn Cook,train,-3.594019,-3.772158613000691,-3.634175433272686,-3.593385552587237,-3.6359918911889024
couside01,DeMarcus Cousins,train,-1.346885,-1.9470893793779305,-1.7247596427950813,-1.7849663485112661,-1.7255766233073146
covinro01,Robert Covington,train,-4.137521,-3.499422750539939,-4.238817795466296,-4.206946888179296,-4.238796363580798
covinro01,Robert Covington,train,-1.882848,-2.3138752158820033,-2.21026187455871,-2.1843480109804077,-2.212065748088537
covinro01,Robert Covington,val,-2.427903,-2.624883145577706,-2.5819970905903737,-2.60470342984188,-2.582846937390747
crabbal01,Allen Crabbe,train,-1.616291,-2.032070922501235,-2.226243137934006,-2.2213118315330855,-2.222152879610201
craigto01,Torrey Craig,train,-3.93054,-3.689959682600362,-3.8650657796005716,-3.867609320554257,-3.866009942000587
craigto01,Torrey Craig,train,-3.112751,-3.432944319062936,-3.4926421955067135,-3.5091831918407097,-3.4925404267485978
craigto01,Torrey Craig,val,-3.925129,-3.261600743371319,-3.0162239595849716,-3.0275456160397884,-3.01688937489199
crawfja01,Jamal Crawford,train,-1.905758,-1.8341673746125329,-2.195320530397537,-2.2340906859565055,-2.1896148733982335
crawfja01,Jamal Crawford,train,-3.103155,-2.2014496323344708,-2.5282545396480702,-2.58709394092819,-2.523636030195272
crowdja01,Jae Crowder,train,-2.302585,-2.1324821258837017,-2.397408543559977,-2.395582920936168,-2.398709478792353
crowdja01,Jae Crowder,train,-2.418446,-2.7765725000008996,-2.5726800023738345,-2.5650744370478,-2.57358339220192
cunnida01,Dante Cunningham,train,-3.149883,-2.7856265632529222,-2.8750225982056485,-2.871935466240965,-2.876235282608524
curryse01,Seth Curry,train,-4.268698,-3.7205719929526646,-4.705111688804557,-4.521345295271791,-4.708140357012999
curryse01,Seth Curry,train,-3.46301,-3.7679069032295383,-3.8570372561147295,-3.8159532277566237,-3.859005857004149
curryse01,Seth Curry,train,-2.61319,-2.604983448556619,-2.9024750017923218,-2.846062279858797,-2.899627216172556
curryse01,Seth Curry,val,-3.526515,-3.1682043883088777,-3.235009016195084,-3.1740121706940356,-3.2311604246993304
curryst01,Stephen Curry,train,-0.901197,-1.7466402843661903,-0.7046444419158195,-0.5604686829081911,-0.7079602138420871
curryst01,Stephen Curry,train,-0.831525,-1.2483223548752571,-0.9587022000713423,-0.9759287129874157,-0.9640582290307123
danietr01,Troy Daniels,train,-4.373579,-3.9600298736957615,-4.116895811131637,-4.104258039265054,-4.113114480057105
danietr01,Troy Daniels,train,-4.271999,-3.9264953496076958,-4.076582911344808,-4.081522087289408,-4.072630003719613
danietr01,Troy Daniels,train,-3.340842,-2.8622813125734963,-3.4174948310578532,-3.3907177778318185,-3.4146697684775265
davisan02,Anthony Davis,train,-1.308492,-1.2425777507867406,-0.5557749477030685,-0.6305505424061879,-0.5569326648222503
davisan02,Anthony Davis,train,-1.055572,-1.722351555566573,-0.8720365984132497,-0.8406999387810412,-0.8731313462888224
davisan02,Anthony Davis,val,-0.877548,-1.729124935401129,-1.2811548423297938,-1.38357662610112,-1.281416401923758
davisde01,Deyonta Davis,train,-4.257133,-3.8575099166042843,-3.902755450637099,-3.9034075281410985,-3.9025043794868233
davised01,Ed Davis,train,-4.104945,-3.420128287963054,-3.2517492114793476,-3.253546338621649,-3.25155227365951
davised01,Ed Davis,train,-2.351375,-2.8815024545494983,-2.5388857132622027,-2.5575130690761183,-2.5378728546348452
davised01,Ed Davis,train,-3.106462,-2.9917693487340107,-2.85468449858539,-2.88059882926583,-2.852185947415061
daviste02,Terence Davis,train,-4.506152,-4.489450027609591,-4.294752983897885,-4.281359673861133,-4.294496006617594
daviste02,Terence Davis,train,-3.335894,-3.754301431961848,-3.584185391556036,-3.5532709068432857,-3.580103532623229
dedmode01,Dewayne Dedmon,train,-3.46301,-3.365201201884527,-3.5775067246584253,-3.603041650535723,-3.577162502590715
dedmode01,Dewayne Dedmon,train,-2.102364,-2.9212451890247193,-2.7031538501868293,-2.6741194472031427,-2.7028477736895478
dedmode01,Dewayne Dedmon,val,-3.311198,-3.11718387105504,-3.326366333540876,-3.344381402663486,-3.3253775301472226
dekkesa01,Sam Dekker,train,-3.72673,-4.050402959606282,-4.023622731385406,-4.049664358964884,-4.023553286593786
delanma01,Malcolm Delaney,train,-3.628524,-4.498803789106127,-4.302233964134022,-4.285873455467214,-4.302042947102028
dellama01,Matthew Dellavedova,train,-2.283052,-2.323655479159941,-2.490584462858329,-2.463320094666704,-2.493103214868704
denglu01,Luol Deng,train,-1.848102,-2.756934365635138,-2.2200581436365994,-2.247165075033066,-2.222325983083672
denglu01,Luol Deng,train,-1.654443,-1.8126893969307099,-1.8107623104070338,-1.831846420050193,-1.8119635379754884
derozde01,DeMar DeRozan,train,-1.219779,-1.6695434056912448,-1.1539480493848417,-1.1267093434880984,-1.1419725991677936
derozde01,DeMar DeRozan,train,-1.37815,-1.8401828399455415,-1.4798727906568976,-1.4714293047180387,-1.4834313117006224
derozde01,DeMar DeRozan,test,-1.744307,-1.5831674764081158,-1.0447350908772695,-1.0043168060247072,-1.0492497613110645
diabamo01,Moussa Diabaté,test,-4.305743,-3.145320553720769,-3.921168868862219,-3.949955355270612,-3.9198331538837565
diallch01,Cheick Diallo,train,-4.727136,-3.739809373657754,-3.86517502791739,-3.857901620934822,-3.865318995550053
diallha01,Hamidou Diallo,train,-4.492659,-4.074212534324739,-4.043110403658234,-4.061153984871272,-4.04329118996016
diallha01,Hamidou Diallo,train,-3.07353,-3.38639884895387,-3.224920326433122,-3.2254866646324034,-3.226952482899097
diawamo01,Mohamed Diawara,test,-4.099718,-2.765283166685372,-3.319817588957397,-3.3086100843000894,-3.321025499826213
diawbo01,Boris Diaw,train,-2.198256,-1.8873067393715202,-2.192458156425552,-2.256930436143124,-2.1937368612529693
dickgr01,Gradey Dick,val,-3.234779,-3.170005127097707,-3.5745935878461106,-3.563637442585818,-3.5751475358593767
dienggo01,Gorgui Dieng,train,-1.791154,-2.5709803582295274,-2.251685394800462,-2.255676348016171,-2.2517776876502955
diengou01,Ousmane Dieng,test,-3.372867,-2.995235526884918,-3.289629402334163,-3.2386421698300722,-3.291937920184541
dinwisp01,Spencer Dinwiddie,train,-4.314559,-3.7432107414746763,-3.856003155428417,-3.859542996064306,-3.856168174062669
dinwisp01,Spencer Dinwiddie,train,-4.529926,-3.461016191394681,-3.9934094556478934,-3.9767300586608507,-3.995478209545167
dinwisp01,Spencer Dinwiddie,train,-4.578716,-3.1746033680376815,-3.855094559250677,-3.803189491000353,-3.8573301800744004
dinwisp01,Spencer Dinwiddie,train,-2.253187,-2.3946749686706186,-2.330313533121298,-2.323090235751544,-2.334112721606748
dinwisp01,Spencer Dinwiddie,train,-1.831817,-2.2727934889457377,-2.916141428031924,-2.9009542676803752,-2.911777330457623
divindo01,Donte DiVincenzo,val,-3.288184,-3.299876719153831,-3.20677164493772,-3.176320950249484,-3.202280490175168
divindo01,Donte DiVincenzo,val,-2.451726,-2.441303538295211,-2.4779052446312146,-2.4690563400106855,-2.47262191982103
doncilu01,Luka Dončić,train,-1.055551,-1.3951423138567272,-0.8908786898812142,-0.9159425092265119,-0.8945470224543008
doncilu01,Luka Dončić,test,-1.157771,-2.091369951731668,-1.2462483197837257,-1.2421619682180434,-1.2488624120732907
dorsety01,Tyler Dorsey,train,-4.505304,-4.358933453563177,-4.182419053315407,-4.175965738661342,-4.1823332318649395
dortlu01,Luguentz Dort,val,-2.014135,-2.1606043121597356,-2.29928555521618,-2.280294109224738,-2.2919058702408686
dosunay01,Ayo Dosunmu,train,-4.503053,-4.341926614478565,-4.182072854955651,-4.167758863013923,-4.182122182930827
dosunay01,Ayo Dosunmu,val,-2.966899,-3.1538239732630755,-2.865555831806369,-2.859395222232429,-2.8623691987317024
dosunay01,Ayo Dosunmu,test,-2.027394,-1.9909005185901565,-2.008102461169785,-1.9951409202807722,-2.0008758018768216
dotsoda01,Damyean Dotson,train,-4.283684,-3.8804691493685115,-3.9342899698478373,-3.9144868102651147,-3.934440440972578
douglto01,Toney Douglas,train,-4.033384,-3.268342577218741,-3.8190449668451176,-3.802894471456277,-3.8171248752496414
dragigo01,Goran Dragić,train,-1.711602,-1.086468840642718,-1.1715054374937208,-1.1157109439636388,-1.1762901190314128
drumman01,Andre Drummond,train,-1.310066,-1.610375197683699,-1.1239867161202048,-1.1282120984926707,-1.1221009164924631
drumman01,Andre Drummond,val,-3.629652,-2.5882133054347696,-2.562093255579829,-2.664758105417337,-2.559456583981144
drumman01,Andre Drummond,test,-3.336396,-2.5498764278658346,-2.5771274187277884,-2.6336800922660277,-2.574706453847745
dudleja01,Jared Dudley,train,-2.24223,-2.522658806035882,-2.513610286116884,-2.516538274388341,-2.5151552778967288
duncati01,Tim Duncan,train,-2.557477,-2.0605056174636713,-1.8973724946330783,-2.022288619993038,-1.8963497339359978
dunlemi02,Mike Dunleavy,train,-2.969279,-1.577339224656817,-2.05179610061669,-2.1012305512211884,-2.054053788527687
dunnkr01,Kris Dunn,train,-3.083194,-3.4647172574561176,-3.3451040913696097,-3.3461242725150067,-3.3462216896101014
dunnkr01,Kris Dunn,test,-3.254509,-2.1956251206422355,-2.7832834600684873,-2.7662562620257733,-2.784494020293537
duranke01,Kevin Durant,train,-1.243438,-2.5740417313728905,-1.1225165819824308,-1.1423509543124526,-1.1243088859196733
duranke01,Kevin Durant,train,-1.35249,-2.621376641649764,-1.4713187470664244,-1.5280491911671326,-1.4721539980620106
duranke01,Kevin Durant,train,-1.197798,-2.668711551926638,-1.3605991869568261,-1.3532564754068512,-1.3628641838719489
duranke01,Kevin Durant,train,-0.977475,-1.3702219552931825,-0.6593159873352881,-0.6218992055325749,-0.6621759934187406
duranke01,Kevin Durant,train,-0.934798,-1.0302099717009552,-1.1579905206252383,-1.263493588878326,-1.1610693665337166
duranke01,Kevin Durant,test,-1.329793,-1.5934309114532141,-1.3346320431911773,-1.375353238368431,-1.3391437398622346
durenja01,Jalen Duren,val,-3.234661,-3.1274880293861753,-3.541062132924,-3.5431202534672694,-3.5414037396740015
easonta01,Tari Eason,test,-2.345904,-2.063817177122506,-2.280068749539237,-2.2544490553471586,-2.2810260825088866
edwaran01,Anthony Edwards,val,-1.055566,-1.5324007217505624,-1.2561588181758327,-1.2966442281753294,-1.2440789439839568
edwarca01,Carsen Edwards,train,-4.287166,-3.7559658707881356,-3.867623494204134,-3.8656981527998706,-3.868140892773055
edwarju01,Justin Edwards,test,-4.182483,-3.3853184903314486,-3.300494621718378,-3.2908051942586503,-3.303090326469815
edwarke02,Kessler Edwards,val,-4.238077,-3.556892082691257,-3.5536797076436835,-3.578808044788087,-3.5551580569851584
ellebcj01,CJ Elleby,train,-4.506152,-4.508467836689312,-4.2714008979435425,-4.243386910278523,-4.27118547138125
ellenhe01,Henry Ellenson,train,-4.697644,-3.520627076903854,-3.9433035717311125,-3.9123306112591303,-3.9439603628062367
ellenhe01,Henry Ellenson,train,-4.077446,-3.5679619871807278,-4.583505848984005,-4.405934678001934,-4.585737322988325
ellinwa01,Wayne Ellington,train,-3.819965,-3.2581384737679735,-3.11283508903702,-3.0861629961840054,-3.1087682138711736
ellinwa01,Wayne Ellington,train,-2.730805,-3.172466685922165,-3.2192919566689784,-3.204631867260154,-3.2165549422932123
ellinwa01,Wayne Ellington,train,-2.61319,-2.915451322384739,-2.9382688774905747,-2.9281355368668334,-2.9333926592507145
elliske01,Keon Ellis,test,-2.939231,-3.6050667470802273,-3.3461442510138673,-3.3141299969866567,-3.343010370280572
ellismo01,Monta Ellis,train,-1.8506,-2.0282507542423196,-1.8110762130630955,-1.779239440610708,-1.8026647415995591
embiijo01,Joel Embiid,train,-2.535729,-3.1019777707592566,-3.508182935635975,-3.53080993999614,-3.5082336551393607
embiijo01,Joel Embiid,train,-1.237942,-1.6569754899594948,-1.95102858137782,-2.068634122185181,-1.9530495764351308
embiijo01,Joel Embiid,train,-0.841184,-1.767242384144007,-1.1353194030465659,-1.186054803316145,-1.1364917252358797
embiijo01,Joel Embiid,test,-0.904007,-1.9631810661743279,-0.9466806492890356,-0.984543088867647,-0.9481570295469983
ennisja01,James Ennis III,train,-4.39691,-3.6102040433519944,-3.793370721924472,-3.8066509007753515,-3.7936500995197804
ennisja01,James Ennis III,train,-3.46301,-3.3280094932719986,-3.633963815747503,-3.6741676427659504,-3.6352414337203527
ennisja01,James Ennis III,train,-4.07268,-3.1566659175803813,-3.075923289218394,-3.081623106235728,-3.0778878623494923
ennisja01,James Ennis III,train,-3.974792,-3.204000827857255,-3.1702561027710026,-3.172769227828076,-3.1715791426641453
eubandr01,Drew Eubanks,train,-4.125426,-3.2974668644960192,-3.8349390635348404,-3.809332234009675,-3.834946123922035
eubandr01,Drew Eubanks,val,-3.996519,-3.326864324315592,-3.128122261830535,-3.124515517265016,-3.1280623895545276
eubandr01,Drew Eubanks,test,-3.361714,-3.374199234592466,-3.307951203299909,-3.2872836812687853,-3.3075282343975845
evansja01,Jawun Evans,train,-4.505304,-4.350430034020871,-4.177120634992903,-4.171862300837632,-4.177252721124326
exumda01,Danté Exum,train,-2.837185,-4.0640084308739715,-4.035283217154445,-4.05622985948282,-4.0354537960316375
exumda01,Danté Exum,train,-2.225792,-2.9705756102122294,-3.461800962317373,-3.506432220546218,-3.4632922357089493
exumda01,Danté Exum,train,-3.728937,-2.713560246674804,-3.608319421587079,-3.5689210819005845,-3.6073505099454497
exumda01,Danté Exum,val,-3.789504,-2.995170716550933,-3.5496414280011725,-3.469464666666963,-3.550524369578344
ezelife01,Festus Ezeli,train,-2.521283,-3.3886656356565203,-3.4268035713091227,-3.4883648209074507,-3.426016163170102
farieke01,Kenneth Faried,train,-1.722767,-1.9896064770894621,-1.7179785233005045,-1.7223111594366216,-1.7186022844789894
favorde01,Derrick Favors,train,-1.681377,-1.8183343910264016,-2.029596447020631,-2.0957752004171777,-2.0302910909002234
favorde01,Derrick Favors,train,-1.689831,-2.9044683666082975,-2.342478645013328,-2.3801185511859875,-2.3425733074028545
favorde01,Derrick Favors,train,-2.418446,-2.4467119675596813,-2.3830863427940145,-2.3570198976466674,-2.3812346859187485
feldeka01,Kay Felder,train,-4.727136,-3.9093807758123527,-3.946216359989987,-3.928438498865728,-3.9466964178896102
feliccr01,Cristiano Felício,train,-4.60517,-4.430776432767677,-4.247604246580789,-4.253045952877536,-4.246892352512237
feliccr01,Cristiano Felício,train,-2.516617,-2.789719745984441,-3.0950446520756296,-3.1006381535015843,-3.0944776891806347
fernabr01,Bruno Fernando,train,-4.243681,-3.8549588907415924,-3.9134977664910444,-3.902176496793986,-3.9133963052847838
fernabr01,Bruno Fernando,val,-3.910341,-1.9725996380048494,-3.239871414905952,-3.2623115522856816,-3.2405880254265322
ferreyo01,Yogi Ferrell,train,-4.90149,-4.54254241664496,-4.363991340727523,-4.313533532831311,-4.364304079798
filipky01,Kyle Filipowski,test,-3.847221,-3.3935014256315394,-3.6654088221089,-3.6489044440451783,-3.6653519006099127
finnedo01,Dorian Finney-Smith,train,-4.727136,-3.8873327867887797,-3.9781612161339543,-3.9715024317820324,-3.9780554819534424
finnedo01,Dorian Finney-Smith,train,-3.306337,-3.0665124032952287,-2.9502977510890576,-2.950995295962763,-2.9515360851574544
finnedo01,Dorian Finney-Smith,val,-2.34786,-1.9144993927253584,-1.8947037964273659,-1.8745647369450367,-1.8972148410960321
finnedo01,Dorian Finney-Smith,test,-2.462634,-2.2325343287753125,-2.5057849628570064,-2.5036836557398567,-2.5075623231273427
flemira01,Rasheer Fleming,test,-4.265267,-3.402004845173846,-3.672543596077384,-3.653007881868888,-3.672608387650259
fontesi01,Simone Fontecchio,val,-3.678061,-4.482647291975745,-4.288616681739036,-4.278076923602166,-4.288183089182046
fontesi01,Simone Fontecchio,test,-2.866392,-3.747498696328003,-3.3726593501743376,-3.372774538531874,-3.374839694514716
forbebr01,Bryn Forbes,train,-4.866399,-4.353041961669986,-4.230429666049002,-4.226826203442695,-4.230453455581731
forbebr01,Bryn Forbes,train,-3.525075,-3.617893366022243,-3.4944646278040143,-3.48414037464425,-3.492463847783044
forbebr01,Bryn Forbes,train,-3.819248,-3.613091012541374,-3.288929172558756,-3.223169132179249,-3.2848161163481855
fournev01,Evan Fournier,train,-1.711602,-1.8063072004194478,-1.8581877585071278,-1.837173449781305,-1.862802570599603
fournev01,Evan Fournier,train,-1.818023,-1.5239925891059982,-1.85577676656257,-1.8630189047905716,-1.8595122564150308
foxde01,De'Aaron Fox,train,-1.237876,-1.7329556221305351,-1.7545415751656406,-1.746106844415467,-1.7595976286996258
foxde01,De'Aaron Fox,test,-1.121379,-1.5910095062584915,-1.3644138152146343,-1.3326520923276273,-1.3697900684833613
fraziti01,Tim Frazier,train,-5.052574,-4.1185468304453625,-4.151262238312394,-4.084189517116838,-4.153324801280988
fraziti01,Tim Frazier,train,-3.826975,-3.8663338203888062,-3.909431764394525,-3.8679485448784523,-3.9108351801182666
fryech01,Channing Frye,train,-2.064724,-2.054398605291984,-2.145137864842019,-2.187890197804283,-2.14657010877381
fultzma01,Markelle Fultz,train,-1.908778,-2.6184555063644934,-2.618077292005413,-2.6194277058958972,-2.6216737704711703
furphjo01,Johnny Furphy,test,-4.181529,-3.4360185233430713,-3.6862411645511175,-3.669421633163727,-3.686244422515197
gabriwe01,Wenyen Gabriel,train,-4.167903,-3.8701063760787995,-4.308146001928969,-4.261753765052187,-4.308583756196862
gaffoda01,Daniel Gafford,train,-4.270637,-3.2477395981953983,-3.593604524023879,-3.5898571920206592,-3.5937624090896154
gaffoda01,Daniel Gafford,train,-2.222738,-2.489966922562639,-2.8560054877678827,-2.950247580610763,-2.855998465618525
gaffoda01,Daniel Gafford,test,-2.239071,-2.1472797711794045,-2.1090752474075676,-2.1459628459772966,-2.109160719578654
gallida01,Danilo Gallinari,train,-1.833437,-1.9532612018836022,-2.2333720927963987,-2.2900891995893695,-2.2357392415632096
gallida01,Danilo Gallinari,train,-1.523983,-2.083592732215277,-1.7953868988451493,-1.7781435152010752,-1.798285800381656
gallida01,Danilo Gallinari,train,-1.673834,-1.9931185908885989,-1.8910050836577594,-1.8683934729139522,-1.8932073004567151
gallida01,Danilo Gallinari,val,-2.924383,-2.548104254328816,-2.5889027752277904,-2.582993806257014,-2.590293342948845
gallola01,Langston Galloway,train,-4.864681,-4.093036571818443,-3.4392636356623036,-3.4200771172881725,-3.4421221348072653
gallola01,Langston Galloway,train,-2.877108,-3.840823561761887,-3.28760268879413,-3.2836297866591764,-3.289334230886964
garlada01,Darius Garland,val,-1.237877,-1.5604620062401733,-1.5293080412194406,-1.5656243777232466,-1.5352103721276529
garneke01,Kevin Garnett,train,-2.138282,-2.0306721594370423,-2.9429279426305364,-3.0642930000605815,-2.9419130115653958
garzalu01,Luka Garza,train,-4.503053,-4.039348514201283,-4.027536332545197,-4.044329889794062,-4.027551388068023
garzalu01,Luka Garza,test,-4.132684,-3.351534828830414,-3.9793692635924005,-3.9882085330578017,-3.979602708770367
garzalu01,Luka Garza,test,-4.074161,-3.3988697391072877,-3.946508936035892,-3.9388887646270696,-3.946633270496639
gasolma01,Marc Gasol,train,-1.128777,-1.6397814372931727,-1.130389771102506,-1.1363500024493614,-1.1313837804190197
gasolma01,Marc Gasol,train,-3.725648,-2.8698325551007993,-2.8141567376595376,-2.852298410328514,-2.8132283868343637
gasolpa01,Pau Gasol,train,-2.138192,-2.0359105111249676,-1.9389865134617152,-2.019641711186867,-1.9397819836574821
gasolpa01,Pau Gasol,train,-1.781645,-2.317520981001097,-1.8989155312129995,-1.9938611601516476,-1.8981261220557177
gasolpa01,Pau Gasol,train,-1.806941,-1.9119018457102237,-1.9448693970178021,-2.001001501763403,-1.943956495218689
gayru01,Rudy Gay,train,-1.658228,-1.7562124526439482,-1.5210106124198504,-1.5808344001811494,-1.5248366407204899
gayru01,Rudy Gay,train,-2.444297,-2.527201434261649,-2.317625264121023,-2.3798548608092354,-2.3199257324177567
gayru01,Rudy Gay,train,-1.920043,-2.488864556692714,-2.395457498963964,-2.47035713057444,-2.3961133353182498
gayru01,Rudy Gay,train,-2.494866,-2.317520981001097,-2.6126225877043523,-2.6591973640945827,-2.6139116130071907
geeal01,Alonzo Gee,train,-3.948391,-3.476877861522887,-3.6780177597360186,-3.678072845407118,-3.678415681384016
georgpa01,Paul George,train,-1.2365,-1.2706390352763515,-1.0895100746950224,-1.1309371970946254,-1.0918833096626965
georgpa01,Paul George,train,-1.090731,-2.0368256634131825,-1.3395168669053046,-1.301517862115277,-1.3425303047535964
georgpa01,Paul George,train,-0.937999,-1.4234384862568676,-1.3524569585692983,-1.3262825513120862,-1.3551803988796727
georgpa01,Paul George,test,-0.977525,-1.6558016344610134,-1.5401453427454463,-1.5520871750339404,-1.5434830268516417
gibsota01,Taj Gibson,train,-1.957001,-3.0655363492205905,-2.6243268649062377,-2.628737675292534,-2.6250458874759195
gibsota01,Taj Gibson,train,-2.390046,-2.894192773528973,-2.5799626873680612,-2.580222724724516,-2.579924707124944
gibsota01,Taj Gibson,train,-3.1028,-2.7228491978373563,-2.9335443890274004,-3.000729078494281,-2.932092354696796
giddejo01,Josh Giddey,test,-1.822269,-2.5159208807360214,-2.090358932414879,-2.091735160127806,-2.090955596470177
gilgesh01,Shai Gilgeous-Alexander,train,-1.237873,-1.5579109803774815,-1.527371489597306,-1.545388978826995,-1.5156262403758978
gilgesh01,Shai Gilgeous-Alexander,test,-0.918198,-1.6681778745619935,-0.47517500910848565,-0.4283938603668531,-0.47930455105324743
gillan01,Anthony Gill,train,-4.51031,-4.631331333147649,-4.390257491853743,-4.345087751436975,-4.389958812250982
gillan01,Anthony Gill,val,-4.167778,-3.7296415152891598,-3.9825154664505504,-3.9683356078071554,-3.983082978619511
gillan01,Anthony Gill,test,-4.07454,-3.5582979395975425,-3.9449358154335257,-3.8865018067380297,-3.9459880294187206
gilleco01,Collin Gillespie,test,-2.651549,-2.7678236047059297,-2.5136061306220765,-2.4973902777796,-2.515908212867557
ginobma01,Manu Ginóbili,train,-3.192443,-2.6601366427557744,-2.7133463206069632,-2.7371522953594174,-2.707453488559942
goberru01,Rudy Gobert,train,-1.35738,-1.824286784706016,-1.7855607941481029,-1.8475359603695694,-1.7844292486547921
goberru01,Rudy Gobert,train,-1.008616,-1.195186809965783,-0.8592699948100457,-0.835331538014644,-0.8576097490168202
goberru01,Rudy Gobert,test,-1.443833,-1.7248732256299761,-1.2207419287288004,-1.2417882205133752,-1.218887307604839
goodwar01,Archie Goodwin,train,-4.529926,-3.687647453195761,-3.6343414630304425,-3.5759571329161286,-3.637302914220677
goodwar01,Archie Goodwin,train,-4.788431,-3.601975665349953,-3.9118510190907205,-3.90955678838467,-3.9077930196429174
goodwjo01,Jordan Goodwin,test,-3.290629,-3.0324272354974466,-3.0031382963265867,-2.9964605653550658,-3.003440606649225
gordoaa01,Aaron Gordon,train,-2.738069,-3.9131445517124464,-3.9583410887202093,-3.9947205447640757,-3.9584949566805907
gordoaa01,Aaron Gordon,train,-1.627955,-2.3667576854829573,-2.0411562978170883,-2.0302993734902977,-2.0434070617241145
gordoaa01,Aaron Gordon,train,-1.74249,-1.5011574982700864,-1.9492500427036261,-1.9903752542363087,-1.9516101286143155
gordoaa01,Aaron Gordon,test,-1.49922,-1.8301028784230893,-1.7215244416143756,-1.7436368403978857,-1.7232358563827455
gordoer01,Eric Gordon,train,-1.960817,-1.9080706750616538,-2.1923916429642727,-2.1961515578627298,-2.186600934634324
gordoer01,Eric Gordon,train,-1.75347,-1.0424704878487827,-1.5804739061875708,-1.5974111308617496,-1.5749489624259416
gordoer01,Eric Gordon,val,-3.726491,-2.214276251276487,-2.577041603166683,-2.6044503450775838,-2.5725650187130067
gordoer01,Eric Gordon,test,-3.72648,-2.2616111615533603,-2.6283757792317552,-2.6423436655574273,-2.6241805885939358
gortama01,Marcin Gortat,train,-1.659259,-1.8712150525751228,-1.5751137509317559,-1.543180985946385,-1.5753205827067727
grahade01,Devonte' Graham,train,-4.318657,-3.893224278681971,-3.945298190074894,-3.9206419670006794,-3.9456878342497195
grahade01,Devonte' Graham,train,-2.251973,-2.179533433845838,-2.183150010690806,-2.1684186571930133,-2.1872510190069443
grahatr01,Treveon Graham,train,-4.166263,-3.7389952767856967,-3.764715444059033,-3.7376725556385315,-3.7631017606918813
grantje01,Jerami Grant,train,-4.249526,-3.7449114253831377,-3.8566955679637216,-3.8603636836290476,-3.856749080950845
grantje01,Jerami Grant,train,-2.426463,-2.9714259521664603,-2.7474809883697406,-2.7706331187099167,-2.7484388427610726
grantje01,Jerami Grant,train,-1.696899,-2.526707182910755,-2.234226577160127,-2.1853490506995765,-2.2365109333831823
grantje01,Jerami Grant,val,-1.447073,-1.6371589218019242,-1.6647162749592737,-1.6475166093514058,-1.6695886182828943
grantje02,Jerian Grant,train,-3.772261,-4.071661508462047,-4.054158778786509,-4.059922953524159,-4.0545457784747425
grantje02,Jerian Grant,train,-3.999484,-3.512052167732991,-4.024305127978394,-3.936284440521653,-4.023498909600321
greenaj01,A.J. Green,val,-4.167702,-3.396372935736447,-3.867138755819716,-3.8513166632445173,-3.8650770587915684
greenaj01,A.J. Green,test,-2.716087,-2.1634904908016375,-2.628815377124807,-2.614193677022002,-2.626725978399457
greenda02,Danny Green,train,-2.24223,-1.6038361252005076,-1.6788603436431304,-1.7038926411763693,-1.672741451284784
greenda02,Danny Green,train,-2.419603,-2.7373050110592767,-2.6013276257671616,-2.6117617488540716,-2.6024563748341563
greendr01,Draymond Green,train,-1.477061,-1.3724025099185573,-1.642119406265523,-1.6886450673172315,-1.6425549980760525
greendr01,Draymond Green,val,-1.693933,-1.7713068803334509,-1.9647556316207853,-1.992312338915703,-1.9651299854509707
greenja01,JaMychal Green,train,-4.537209,-4.2013277405542295,-4.1516110349754625,-4.164906544941579,-4.1513908492034854
greenja01,JaMychal Green,train,-2.504195,-3.466179144906487,-2.9391492759907996,-2.9542352230956643,-2.9393065449554046
greenja01,JaMychal Green,train,-3.106462,-3.2948355692148703,-3.015775781140115,-3.006436284474144,-3.015921543413952
greenja01,JaMychal Green,train,-2.693858,-3.5087117017024916,-3.28332157121381,-3.2612792350128434,-3.282764547107659
greenja01,JaMychal Green,train,-2.618054,-3.2564986916459353,-3.203843352353994,-3.197690994363961,-3.2041933604426736
greenja02,Javonte Green,train,-4.51031,-4.486048659792668,-4.291837862455626,-4.279718298731649,-4.291520879258131
greenja02,Javonte Green,train,-4.168303,-3.7509000641449255,-4.000332148385439,-3.9831294858188473,-4.0007488694801525
greenje02,Jeff Green,train,-3.218111,-2.282941200037683,-2.4510731472683682,-2.526682718653631,-2.4532429772504454
greenje02,Jeff Green,val,-2.833368,-2.2446043224687475,-2.789952847899692,-2.8333487490503786,-2.7917300820770867
greenjo02,Josh Green,val,-2.330874,-2.4595673617418212,-2.6934198200813677,-2.689525991839903,-2.690238419072336
griffbl01,Blake Griffin,train,-1.062664,-1.777039845187008,-1.3514460139487663,-1.3521606895887783,-1.3530557709227629
grimequ01,Quentin Grimes,test,-2.428405,-2.4353511446155967,-2.3138366206418395,-2.2987119006267944,-2.3078477788026595
gueyemo02,Mouhamed Gueye,val,-4.265706,-3.2945084056780827,-3.6164739570786884,-3.6124261000510627,-3.6164698609319617
hachiru01,Rui Hachimura,val,-2.079596,-2.9569701389445395,-2.8608398300475733,-2.867596072884398,-2.862938737759753
hachiru01,Rui Hachimura,test,-2.497398,-3.1529088209748606,-2.781544046871052,-2.7665933792213453,-2.7841940577232656
hairspj02,P.J. Hairston,train,-3.982898,-4.183409657728964,-4.0868672834380115,-4.102556454253839,-4.086796686569919
halibty01,Tyrese Haliburton,val,-1.055566,-1.5664143999197877,-1.3679884062819139,-1.3861299372874067,-1.3719214983534507
hamilju01,Justin Hamilton,train,-4.926671,-3.8936422994793496,-4.3052557679204195,-4.267617805639166,-4.305779954981178
hamilju01,Justin Hamilton,train,-3.446203,-3.5557575015769842,-3.6175998746059523,-3.5196984544938523,-3.617937604706113
hardati02,Tim Hardaway Jr.,train,-1.720378,-1.952351528335041,-1.9923760351886253,-2.002351136128708,-1.9859094265765511
hardati02,Tim Hardaway Jr.,train,-1.790995,-2.182587490849324,-2.125779133187619,-2.1149066809514903,-2.1179685178637406
hardeja01,James Harden,train,-1.211669,-1.1148925332154995,-0.23589394737670544,-0.19593243109693992,-0.22033029083321543
hardeja01,James Harden,train,-0.868318,-1.029220745369691,-0.1394969477410095,-0.11065104350278077,-0.14289438022872858
hardeja01,James Harden,val,-1.281767,-2.248361419074269,-1.4973926343724704,-1.5099415644308665,-1.4997283002593402
hardeja01,James Harden,test,-1.390486,-2.2100245415053337,-1.7469711191436454,-1.778478852669255,-1.7491390202223414
hardeja01,James Harden,test,-1.333689,-2.2573594517822073,-1.538886345812919,-1.5489582515436324,-1.5417775064967845
hardyja02,Jaden Hardy,val,-4.35586,-3.890673252819279,-3.9300301624203935,-3.9194109356535667,-3.9301518860542535
hardyja02,Jaden Hardy,test,-3.249386,-2.5469398334960913,-3.0425739944687127,-3.040974963312959,-3.0407585372826866
harklma01,Maurice Harkless,train,-2.19344,-2.512519512919099,-2.728478885099111,-2.740546188378057,-2.7294628478262575
harklma01,Maurice Harkless,train,-3.218111,-2.9900686648255497,-3.3442508890228835,-3.328922945370779,-3.345818612729833
harremo01,Montrezl Harrell,train,-4.202885,-3.5889454944962287,-3.776758024100582,-3.796392306216077,-3.776959532785404
harremo01,Montrezl Harrell,train,-2.831928,-3.221079156570424,-2.926844823573521,-2.9635015688830046,-2.9278102662404986
harremo01,Montrezl Harrell,train,-2.442393,-3.2162768030895545,-2.364420801085947,-2.3436375385256083,-2.365966802616369
harremo01,Montrezl Harrell,val,-3.858145,-3.011398703309872,-2.4565253027371914,-2.4463906484421534,-2.4568994292018
harrian01,Andrew Harrison,train,-4.544815,-3.8779181235058195,-3.919328001467667,-3.913255778918002,-3.919267155493734
harride01,Devin Harris,train,-2.72347,-2.0282507542423196,-2.6931805375467026,-2.689630417619159,-2.695182558808956
harriga01,Gary Harris,train,-3.70269,-3.80139640244553,-3.913545590137475,-3.9520870440343954,-3.914118099738567
harriga01,Gary Harris,train,-1.579165,-1.7320965003864042,-1.962592691755169,-2.003153511256698,-1.9565452016673743
harriga01,Gary Harris,val,-2.34786,-2.2096456522928545,-2.5410480529167914,-2.5864954121651826,-2.5376539984031488
harriga01,Gary Harris,test,-2.930931,-2.646886900276683,-2.963644317929769,-2.9941538874975446,-2.9611180236787664
harriga01,Gary Harris,test,-3.726078,-2.6942218105535565,-3.3476790708033444,-3.3568319032775538,-3.3467925027181495
harrijo01,Joe Harris,train,-4.249526,-3.871965729826205,-3.91476214267379,-3.910383372441405,-3.9146953423687627
harrijo01,Joe Harris,train,-4.529926,-3.5897711797462097,-4.433233488758815,-4.378497468427293,-4.433799566483071
harrijo01,Joe Harris,train,-2.544246,-3.4184276040545925,-3.0599294623331508,-3.0574339401574493,-3.054864554442331
harrijo01,Joe Harris,train,-1.761438,-2.5077171594382297,-2.2592539684993946,-2.1872572328057243,-2.2624267079819096
harrish01,Shaquille Harrison,train,-4.898125,-4.097288281589597,-4.064524799172317,-4.030105638865321,-4.065275279674657
harrish01,Shaquille Harrison,train,-4.252124,-3.9307470593788487,-3.961885525155873,-3.954477591600721,-3.962635391510899
harrito02,Tobias Harris,train,-1.475907,-2.593089249039524,-2.085428533326816,-2.053983970100818,-2.0882398742360664
harrito02,Tobias Harris,train,-1.109113,-1.797448052088543,-1.3124147541889268,-1.2612914798997459,-1.314889955034221
harrito02,Tobias Harris,test,-1.687737,-2.72795124956274,-2.1160132105013485,-2.1182951914816455,-2.1178115111701104
harrito02,Tobias Harris,test,-2.40079,-2.5566076738711225,-2.339659048139775,-2.3542540017512597,-2.3406000492686476
harteis01,Isaiah Hartenstein,train,-4.167903,-3.464788747084674,-3.844719048001847,-3.883583513138476,-3.8438826583011134
harteis01,Isaiah Hartenstein,val,-2.738054,-3.2599106473049915,-3.0963724659878036,-3.1453490079342528,-3.095749825682469
harteis01,Isaiah Hartenstein,test,-1.578538,-2.6356130260456276,-2.3674920402353825,-2.378722436048275,-2.3654933458997736
harteis01,Isaiah Hartenstein,test,-1.917579,-2.597276148476692,-2.4546750833775466,-2.4484191844033836,-2.451855036266824
hartjo01,Josh Hart,train,-2.185322,-2.8367185701353166,-2.7469303890233823,-2.75641260954082,-2.7471793633079824
hartjo01,Josh Hart,val,-1.938667,-1.7368428233231894,-1.8143146514506392,-1.8377157696849422,-1.8150884038718538
hasleud01,Udonis Haslem,train,-3.116334,-2.954343714905729,-3.469449924517283,-3.4840835504631835,-3.4692567729187336
hausesa01,Sam Hauser,val,-4.184452,-3.240407004849538,-3.9386613161941186,-3.966005707660373,-3.938480097424173
hausesa01,Sam Hauser,test,-2.620777,-2.1405312580374103,-2.3948200655130907,-2.4039928406813202,-2.3968444622550464
hawessp01,Spencer Hawes,train,-2.408095,-2.1012389024032254,-1.9358692649820797,-1.9627076883695098,-1.9366980655035821
hayesja02,Jaxson Hayes,val,-4.0734,-3.28542090593191,-3.44003292422764,-3.4265488237982873,-3.4402575114607745
hayesja02,Jaxson Hayes,test,-3.344696,-3.1614122405171665,-3.0545532988851427,-3.075143633467233,-3.0542995812557265
haywago01,Gordon Hayward,train,-1.387802,-1.6693312930050643,-1.4803734373628668,-1.49250173688444,-1.4839944542177848
haywago01,Gordon Hayward,train,-1.131887,-1.985239043365156,-1.296066070460042,-1.274073320875292,-1.2992483511323367
haywago01,Gordon Hayward,train,-1.291434,-1.7208618825090067,-1.761813961086763,-1.7688942759669966,-1.7637498793011432
hendege02,Gerald Henderson,train,-2.34759,-3.16566395028832,-3.0306917516501017,-3.0298589704433696,-3.0263722366127155
hensojo01,John Henson,train,-2.059908,-1.9904568190436926,-2.38486646513367,-2.447094412686151,-2.38571439154027
hernaju01,Juancho Hernangómez,train,-2.746721,-3.137116832422977,-3.4033529810851957,-3.3389421358494533,-3.404365646841144
hernawi01,Willy Hernangómez,train,-4.173251,-3.2604947275088576,-3.603082447879285,-3.596012348756224,-3.603196488783646
hernawi01,Willy Hernangómez,train,-3.828825,-2.7212848138914363,-3.00468592940048,-3.020794515548401,-3.003803047950775
herroty01,Tyler Herro,val,-1.511612,-2.010865025945228,-1.842489808563057,-1.8717274387075225,-1.8327006639314716
hezonma01,Mario Hezonja,train,-2.906937,-3.9258996810259057,-3.9808241843298378,-4.0008757014996394,-3.981142973371334
hieldbu01,Buddy Hield,train,-3.165419,-3.1529982880130945,-3.562466454829453,-3.5554305669383988,-3.56317320079504
hieldbu01,Buddy Hield,train,-1.535631,-1.9896064770894621,-1.67946784961925,-1.7057833647031586,-1.6696106467443712
hieldbu01,Buddy Hield,test,-2.700878,-2.169832361535865,-2.174885460737187,-2.195496216591454,-2.177648475909279
highsha01,Haywood Highsmith,test,-3.257585,-3.48112957129404,-3.4716975066535936,-3.476812339076483,-3.4726427248300786
hilarne01,Nenê,train,-3.305908,-1.9975736335560321,-2.6063562985436675,-2.6528679253829215,-2.6065170229995993
hilarne01,Nenê,train,-2.390046,-2.279184103432162,-3.264994186709236,-3.294800773664917,-3.264686297862442
hillge01,George Hill,train,-1.65162,-2.564325561793183,-2.216780105968007,-2.2129823894629572,-2.219590016953979
hillge01,George Hill,train,-2.431911,-2.392981986101566,-2.691574770273327,-2.6763037972101666,-2.6932447272649873
hillge01,George Hill,train,-3.335894,-2.6745924559776952,-3.0683309676556068,-3.066293919505038,-3.0702466713671166
hillida01,Darrun Hilliard,train,-4.430817,-3.871965729826205,-3.927461255153683,-3.910383372441405,-3.9275466166488537
hilljo01,Jordan Hill,train,-3.158521,-3.148657111203707,-2.947807161810339,-2.9452974470889015,-2.947653477422253
hillso01,Solomon Hill,train,-2.059908,-2.593089249039524,-3.0158050176036797,-3.022754383577187,-3.016190725661758
hinriki01,Kirk Hinrich,train,-3.114547,-2.7112286496381692,-2.705521304232043,-2.755121493158258,-2.7081179233224195
holidaa01,Aaron Holiday,test,-3.380348,-3.1438392986383654,-3.2612627614125023,-3.2523266385428835,-3.2636906682205793
holidjr01,Jrue Holiday,train,-1.369215,-1.7168783159681182,-1.8230490780325814,-1.8130383995799892,-1.826513052993897
holidjr01,Jrue Holiday,train,-1.298515,-1.3851016086879326,-1.5602404741649107,-1.5755190761704503,-1.5632895841594845
holidjr01,Jrue Holiday,test,-1.522165,-1.1280862451505067,-1.4674062365100826,-1.4568264703980085,-1.4696678520883237
holidju01,Justin Holiday,train,-4.268698,-3.772158613000691,-3.9261124922964186,-3.910758539881087,-3.9239546528913083
holidju01,Justin Holiday,train,-3.091981,-3.600815037309074,-3.398257065529207,-3.3668352606408574,-3.394537312865226
holidju01,Justin Holiday,train,-2.899761,-3.057386850414649,-2.9609996953993902,-2.933268098156663,-2.962232573139216
holliro01,Rondae Hollis-Jefferson,train,-3.937341,-4.0614574050112795,-4.0330203612541675,-4.054998828135707,-4.033131784832885
holmeri01,Richaun Holmes,train,-4.212485,-3.5931972042673817,-3.7921063457417263,-3.7984440251279317,-3.7923510624358014
holmeri01,Richaun Holmes,train,-3.106462,-3.272665776618451,-3.0689459910420234,-3.0850422292598783,-3.0690440410528543
holmeri01,Richaun Holmes,train,-2.268601,-2.1954141097913404,-2.055276715694562,-2.0421161402969763,-2.056184333418491
holmeri01,Richaun Holmes,test,-2.478892,-2.3687287118366447,-3.1597890966396,-3.175383729078311,-3.1601845064548737
holmgch01,Chet Holmgren,test,-1.065072,-1.6325283228182919,-1.8364184348446986,-1.908022017912665,-1.8371417815909656
hoodro01,Rodney Hood,train,-3.866534,-3.936103784476673,-3.9759522583537343,-4.005799826888092,-3.9761290930197655
hoodro01,Rodney Hood,train,-2.92619,-3.2099532215368693,-2.893061957972036,-2.9024382726493747,-2.888303821648377
hoodro01,Rodney Hood,train,-2.346029,-3.42382935402449,-3.279156728409146,-3.268934901945114,-3.2812873758414542
horfoal01,Al Horford,train,-1.203721,-1.8011403383600795,-1.5010425180177354,-1.534044931635401,-1.502261293778472
horfoal01,Al Horford,train,-1.387578,-1.6771316729453358,-1.637185747817733,-1.665262474973352,-1.6375619129535979
horfoal01,Al Horford,val,-2.635542,-1.8839807990787052,-2.0388987151662894,-2.120356028839542,-2.038656432306371
horfoal01,Al Horford,test,-3.278986,-2.0690090370059777,-2.302223800718191,-2.329394828838138,-2.3022995483566246
horfoal01,Al Horford,test,-3.19126,-2.116343947282851,-2.661037557990816,-2.6860489773834386,-2.661064423578699
hortota01,Talen Horton-Tucker,train,-4.51031,-4.180008289912041,-4.097569452298634,-4.100915079124356,-4.0977608216404136
hortota01,Talen Horton-Tucker,train,-2.391016,-2.991905648696552,-3.073521695102192,-3.094796179089837,-3.0694940986386308
houseda01,Danuel House Jr.,train,-4.873319,-4.340286832356526,-4.232120558301837,-4.22067104670713,-4.23205733658468
houseda01,Danuel House Jr.,train,-3.379804,-3.0665124032952287,-3.1999871058008456,-3.210037088242031,-3.201921137646898
houseda01,Danuel House Jr.,val,-3.380033,-3.2624510853255497,-3.5642183352200774,-3.543896411576652,-3.5654759856219576
houstca01,Caleb Houstan,val,-4.098437,-3.298760115449236,-3.6333525750914837,-3.614477818962918,-3.6336747041654704
howardw01,Dwight Howard,train,-1.387814,-2.1088271696573164,-1.80010305517612,-1.865849249937968,-1.79877848786944
howardw01,Dwight Howard,train,-2.928072,-2.390437639533446,-1.8152687200552577,-1.8543488579533274,-1.814254404794801
huertke01,Kevin Huerter,test,-2.939231,-2.641493930096685,-2.7083483943334445,-2.7255582686417763,-2.7101211388774358
huertma01,Marcelo Huertas,train,-4.116285,-3.840823561761887,-3.924250326714904,-3.8853030829217525,-3.9265108651060396
huestjo01,Josh Huestis,train,-4.095774,-4.050402959606282,-4.0369339624139595,-4.049664358964884,-4.037129886307121
humphkr01,Kris Humphries,train,-2.653512,-1.9987712863236993,-2.340281830533886,-2.3541761627064943,-2.34002612525613
huntede01,De'Andre Hunter,val,-1.799294,-1.9887561351352314,-2.291114742753028,-2.320187237971726,-2.2956035062430473
ibakase01,Serge Ibaka,train,-1.520284,-2.4770245796674697,-2.018665166553438,-2.0467546125441474,-2.0203406667106654
ibakase01,Serge Ibaka,train,-2.442393,-2.8395044839085384,-2.4712434104742647,-2.482362861165774,-2.4715755768532315
ighodos01,Oso Ighodaro,test,-4.265265,-3.4062565549449992,-3.6624936927587433,-3.655059600780743,-3.6622973687404743
iguodan01,Andre Iguodala,train,-1.82347,-2.0656724795230397,-2.1805372048331124,-2.242492855199974,-2.1810344263060113
iguodan01,Andre Iguodala,train,-1.984581,-1.9882359679892725,-2.8667938472962033,-2.9227144164556518,-2.8668517498202215
ilyaser01,Ersan İlyasova,train,-2.677778,-2.2673441264069174,-2.4172015519007717,-2.4334310079872137,-2.417906669758476
inglejo01,Joe Ingles,train,-3.483027,-3.6908100245545925,-3.4765157318412534,-3.4921829582504786,-3.4780199307895936
inglejo01,Joe Ingles,train,-2.031109,-2.6135583577274817,-2.61027765107678,-2.6124987732048655,-2.6113587988175357
inglejo01,Joe Ingles,val,-2.514914,-3.005435721788124,-3.1111705353297077,-3.118808058937626,-3.112160581810487
ingrabr01,Brandon Ingram,train,-1.237893,-2.251616948189019,-1.8141292814024972,-1.7793715996385053,-1.8181978975325936
ingrabr01,Brandon Ingram,test,-1.447576,-2.120581276420024,-2.23897819126793,-2.21009960820303,-2.243739612388844
irvinky01,Kyrie Irving,train,-1.311452,-1.1588908860094351,-1.1328517011669215,-1.166953613816285,-1.1383242324606848
irvinky01,Kyrie Irving,train,-1.162601,-1.9250775141462664,-1.3143537567725094,-1.296882948950462,-1.3177767979854025
irvinky01,Kyrie Irving,val,-1.17514,-2.1683511064534606,-1.6192546259190448,-1.5999255884895403,-1.6052813476984333
irvinky01,Kyrie Irving,test,-1.365098,-2.1300142288845256,-1.7778417013233585,-1.7274236789008965,-1.7649382657755477
isaacjo01,Jonathan Isaac,train,-1.861417,-2.1476442797579036,-2.342823452778874,-2.407932066961079,-2.343585427087512
iwundwe01,Wes Iwundu,train,-4.295954,-3.7602175805592886,-3.8814415194736283,-3.8677498717117254,-3.8817191088403415
iwundwe01,Wes Iwundu,train,-4.133016,-3.6918991629669144,-3.6283348022417474,-3.600888141390265,-3.629721917816234
jacksan01,Andre Jackson Jr.,val,-4.265706,-3.2953587476323136,-3.6186565189923217,-3.6128364438334337,-3.618936290675783
jacksfr01,Frank Jackson,train,-4.35967,-3.884720859139665,-3.938163416106409,-3.91653852917697,-3.938431347209373
jacksfr01,Frank Jackson,train,-4.133016,-3.7690675312704167,-3.8293123115496686,-3.7699804431320794,-3.8320791357666906
jacksfr01,Frank Jackson,train,-3.598884,-3.5168545212138604,-3.559613473717841,-3.5513613502288592,-3.56227580179766
jacksgg01,GG Jackson II,val,-4.157725,-3.2945084056780827,-3.6170860756273484,-3.6124261000510627,-3.617195186365206
jacksis01,Isaiah Jackson,test,-3.095235,-2.9782286878003053,-3.391439744499266,-3.4192227565532045,-3.390573301330372
jacksjo02,Josh Jackson,train,-3.106462,-3.681695059516147,-3.798077014572939,-3.8218331438469058,-3.7992840230196996
jacksre01,Reggie Jackson,train,-1.475907,-1.936762872679438,-1.9185263126131842,-1.8785594370817607,-1.9221292234906613
jacksre01,Reggie Jackson,train,-2.342642,-2.7815942823078266,-2.7910658239840775,-2.8047289938813456,-2.7858806661957765
jacksre01,Reggie Jackson,val,-3.278679,-2.6102507066162093,-2.873375506681162,-2.8745777816298097,-2.8769951184571974
jackstr02,Trayce Jackson-Davis,val,-4.265706,-3.2647464372800106,-3.5942567816579647,-3.5980640676680786,-3.5943361207403504
jamesbr02,Bronny James,test,-4.265265,-3.427515103800765,-3.6815548647772744,-3.665318195340017,-3.6818892372078285
jamesle01,LeBron James,train,-1.094893,-2.261188038016285,-0.8140057129150344,-0.787524580259455,-0.8162938248003488
jamesle01,LeBron James,train,-1.038257,-1.7698971148796037,-0.8432340672064011,-0.8595761537794595,-0.8450396008119485
jamesle01,LeBron James,train,-0.976281,-1.2786061917429217,-0.4596497801858437,-0.4567501448342184,-0.46152501118604317
jamesle01,LeBron James,train,-0.96495,-1.5711271057221,-1.0621037901983679,-1.1186561863413347,-1.0642513432808496
jamesle01,LeBron James,val,-1.010635,-1.233242307819735,-0.9648154901565524,-1.0711206499296337,-0.9683987519834183
jamesle01,LeBron James,test,-1.020302,-1.8034902539262456,-1.4050796154369827,-1.4777569887816828,-1.4073723951300172
jamesle01,LeBron James,test,-3.757689,-1.7651533763573104,-1.6789119924290143,-1.7230294355785207,-1.6809143753908642
jamessi01,Sion James,test,-4.127859,-3.4190116842584586,-3.686813144014353,-3.6612147575163076,-3.6871213617309513
jeffeal01,Al Jefferson,train,-2.24223,-2.2214256608784635,-2.3743040956751913,-2.4095952762728277,-2.3744939940635783
jefferi01,Richard Jefferson,train,-3.615279,-2.012029446777953,-2.730202202442898,-2.799483452342615,-2.7317145107328424
jeffrda01,DaQuan Jeffries,test,-3.934233,-2.5865584260429966,-3.9585282810838107,-3.8566620576073474,-3.9598202311774005
jerebjo01,Jonas Jerebko,train,-2.639057,-3.2377302668664383,-3.2107361803589476,-3.2530827824375574,-3.2105457593893143
jerebjo01,Jonas Jerebko,train,-3.185072,-3.066386691174821,-3.2206059499008575,-3.229765604887435,-3.2208041350617407
jeromty01,Ty Jerome,val,-4.0734,-3.439686152910358,-3.554355161235709,-3.541466326371207,-3.551326235053769
jeromty01,Ty Jerome,test,-2.81977,-2.8153885316509943,-2.7953328611262793,-2.7945457200607042,-2.7881469289021963
joeis01,Isaiah Joe,train,-4.356159,-3.9522690613969553,-3.991561765818312,-3.9556882324474545,-3.9918265329785587
joeis01,Isaiah Joe,val,-4.126016,-3.0505792435384653,-3.5954332710148504,-3.5582152674298877,-3.5951619292356995
joeis01,Isaiah Joe,test,-2.460927,-2.559288320401784,-2.737771125513475,-2.7115446106634185,-2.734040222459904
johnsal02,Alize Johnson,train,-4.505905,-4.331722511027797,-4.160016259600319,-4.16283473762547,-4.159620201139102
johnsal02,Alize Johnson,train,-4.131628,-3.510902127534246,-3.898899729638775,-3.9385061587902332,-3.89711227880277
johnsam01,Amir Johnson,train,-1.763589,-2.973061825740937,-2.5655950784271946,-2.5258904140429816,-2.565810188052311
johnsca02,Cameron Johnson,val,-1.750504,-2.5210229324614053,-2.3807410760031438,-2.376948439666039,-2.3828418818023103
johnsja01,James Johnson,train,-3.227875,-3.182742279001489,-3.231833512083987,-3.309651080717785,-3.2321188336038014
johnsja01,James Johnson,train,-1.926518,-2.4727728698963167,-2.3638720874726338,-2.3774750516718965,-2.3657704224994696
johnske07,Keon Johnson,test,-4.132684,-3.400854662175791,-3.9984215350307237,-4.004884025606662,-3.9956575267061725
johnsst04,Stanley Johnson,train,-3.183785,-3.7741854599101496,-3.9047600867252705,-3.938956042998524,-3.905344331442688
johnsst04,Stanley Johnson,train,-3.380253,-3.1337066848161546,-3.24678997527237,-3.275383686933276,-3.2485128880042824
johnsty01,Tyler Johnson,train,-4.537209,-4.369198458800367,-4.242516652072337,-4.2346227353077435,-4.242499999918602
johnsty01,Tyler Johnson,train,-4.892852,-3.9719346610549904,-3.9360954555302046,-3.906412729542382,-3.9332436839883838
johnsty01,Tyler Johnson,train,-2.019086,-2.3738971440881054,-2.762420036485608,-2.7671540654218236,-2.758300215409337
johnswe01,Wesley Johnson,train,-4.095774,-3.204000827857255,-2.8910279378289228,-2.9331508464371225,-2.8935137850359656
johnswe01,Wesley Johnson,train,-2.775528,-2.6653749944436997,-2.770265238526144,-2.809961387391979,-2.771534279657861
jokicni01,Nikola Jokić,train,-3.941011,-3.817543844755445,-3.8841859640951584,-3.884121370369663,-3.8839338687802916
jokicni01,Nikola Jokić,train,-1.237942,-2.0908153701264007,-1.3188674816030423,-1.294388591081651,-1.318124540900739
jokicni01,Nikola Jokić,val,-0.901412,-1.139543395067721,-0.2379905045400852,-0.24542471911935415,-0.2364609378531477
jonesco02,Colby Jones,val,-4.127767,-3.430066129663457,-3.682287424305901,-3.6665492266871302,-3.68239793482347
jonesda03,Damian Jones,train,-4.077446,-3.430703579286892,-3.5516749529195892,-3.531492198209741,-3.552077543499509
jonesda03,Damian Jones,val,-3.92345,-3.0928187813845276,-3.200533618969821,-3.197155590986862,-3.20106264206309
jonesde02,Derrick Jones Jr.,train,-4.419652,-3.762829508208404,-3.935362669078386,-3.922713774316788,-3.935645168730991
jonesde02,Derrick Jones Jr.,train,-4.166263,-3.480634958128408,-3.992051621138881,-4.007311158842358,-3.992988541675616
jonesde02,Derrick Jones Jr.,train,-2.442393,-3.4758326046475387,-3.2757359875828254,-3.2710264890152247,-3.276705511308247
jonesde02,Derrick Jones Jr.,val,-3.629652,-3.2709545048678557,-3.4047132484539713,-3.3924876296944966,-3.405266253385497
jonesde02,Derrick Jones Jr.,test,-2.643249,-2.779663581731174,-2.8821986103800543,-2.8481976918346312,-2.8841348264715214
joneshe01,Herbert Jones,train,-4.149327,-3.7508638190627517,-3.8739605392374914,-3.8632360901056444,-3.8741721683559076
joneshe01,Herbert Jones,val,-2.313273,-2.695767875969945,-2.4913822874199205,-2.4955336552289387,-2.4931941344671693
joneshe01,Herbert Jones,test,-2.021755,-2.3687935221706287,-2.572375345947993,-2.5625897351692792,-2.575219172402495
joneska03,Kam Jones,test,-4.265267,-3.4360185233430713,-3.6874654016484385,-3.669421633163727,-3.687695073381686
jonessp01,Spencer Jones,test,-3.365749,-3.2939768092854775,-3.2679479206916575,-3.2771883781062208,-3.2688977447915257
jonestr01,Tre Jones,val,-2.661517,-3.533861360298473,-3.0065021486559633,-2.9808406678152446,-3.0096244063922075
jonestr01,Tre Jones,test,-2.961704,-2.9095637390391094,-3.0288717620549535,-3.0083929320879803,-3.030155637215627
jonesty01,Tyus Jones,train,-3.978468,-4.079314586050123,-4.061253405761672,-4.063616047565498,-4.061874474787622
jonesty01,Tyus Jones,train,-2.51788,-2.5459653496135455,-2.7025670028391495,-2.668208096959886,-2.7048623235253366
jonesty01,Tyus Jones,val,-2.143347,-3.1818204474187017,-2.9913257533160333,-2.9896374047322958,-2.9929047703445044
jordade01,DeAndre Jordan,train,-1.162009,-2.0842320633186127,-1.364074802632751,-1.3695300052615502,-1.3604916589749172
jordade01,DeAndre Jordan,train,-2.390046,-1.8745516100580608,-1.5744320711377204,-1.542684303098813,-1.5715165925763994
jordade01,DeAndre Jordan,test,-3.756431,-2.180757186272894,-3.2380802187896167,-3.307257193067656,-3.236216390995127
josepco01,Cory Joseph,train,-2.237266,-2.2635129557583475,-2.6189203491643824,-2.617859158941789,-2.6208367532154857
josepco01,Cory Joseph,train,-2.174935,-2.506786548065542,-2.6035893322838364,-2.598854546980717,-2.60528418390104
josepco01,Cory Joseph,train,-3.105775,-2.7883970179416715,-2.9643156003649596,-2.9569640390635596,-2.9667575616571122
josepco01,Cory Joseph,test,-3.72648,-2.5313816544042456,-3.55834954208873,-3.5517930264606443,-3.559868479188895
juzanjo01,Johnny Juzang,test,-3.895887,-2.9128065798163973,-3.4803916358217952,-3.4261354472145005,-3.4779322797294356
kalkbry01,Ryan Kalkbrenner,test,-4.127859,-3.388399373906156,-3.6608831103083452,-3.646442381350952,-3.660707878212407
kaminfr01,Frank Kaminsky,train,-3.266417,-3.908892841941293,-3.9665546363928694,-3.9926688258522205,-3.966629999290642
kanteen01,Enes Freedom,train,-1.386294,-1.7810794422719807,-1.7360742817213102,-1.743987238312141,-1.73725652685357
kellyry01,Ryan Kelly,train,-3.584507,-2.4566811830999193,-3.2237794805568716,-3.2027341058255803,-3.2247275951037553
kellyry01,Ryan Kelly,train,-2.19646,-1.6384159061639214,-2.7631297241620114,-2.722050881340774,-2.7643784023773565
kellyry01,Ryan Kelly,test,-2.843921,-2.891091103956565,-3.623125249861169,-3.5845186574794097,-3.6236496499029216
kennalu01,Luke Kennard,train,-2.102363,-2.487999834104503,-2.5296063842566774,-2.526222540056849,-2.523251904129836
kennalu01,Luke Kennard,test,-3.30949,-3.0019734521847785,-2.916686695926756,-2.910939597827629,-2.912482953256213
kesslwa01,Walker Kessler,test,-1.6593,-2.0513445482884975,-2.1808095573740207,-2.226463658593966,-2.179210868084793
kiddgmi01,Michael Kidd-Gilchrist,train,-1.979866,-1.8480963594244737,-2.0800495602855875,-2.1217257116742965,-2.081600438639668
kilpase01,Sean Kilpatrick,train,-4.342806,-3.9179919300653894,-4.120868591272335,-4.1008007716176,-4.118546952963555
kilpase01,Sean Kilpatrick,train,-4.832497,-3.545907318862582,-3.5982454005572695,-3.5325814526854318,-3.5935584716501374
kilpase01,Sean Kilpatrick,train,-3.897751,-3.3745637431709645,-3.6736487474442234,-3.5832959787989354,-3.671313344382833
klebima01,Maxi Kleber,train,-4.505304,-4.456286691394595,-4.2801773845944835,-4.265356266348665,-4.279699774330255
klebima01,Maxi Kleber,train,-2.50658,-2.81523000461136,-2.8663022389691557,-2.870898970244334,-2.8668477438224604
klebima01,Maxi Kleber,val,-2.514914,-2.4025838629662353,-2.588745712016902,-2.6195672092325,-2.5891753025306685
knighbr03,Brandon Knight,train,-1.905758,-1.483293637936671,-1.6702036206288056,-1.6919981131504296,-1.6745911228932986
knighna01,Nathan Knight,val,-4.167778,-3.577076952219173,-3.9973504312468906,-4.024575834213678,-3.9969882246123527
knoxke01,Kevin Knox,val,-3.718883,-3.2896726157030636,-3.911811482788516,-3.921109480497403,-3.912695055383136
kolekty01,Tyler Kolek,test,-4.128259,-3.4402702331142243,-3.6913388479070104,-3.671473352075582,-3.691685979618481
kolokch01,Christian Koloko,val,-4.259786,-3.867714020055052,-3.9099705185922273,-3.9083316535295505,-3.909616447982101
konchjo01,John Konchar,train,-3.881701,-3.0929532732948353,-3.7957382909738295,-3.786625420333491,-3.7930187921540157
konchjo01,John Konchar,val,-3.066983,-2.5994376972847713,-2.906655877729768,-2.932798008243794,-2.9033686779446426
korkmfu01,Furkan Korkmaz,train,-4.167903,-3.605077334922361,-3.7535701859902506,-3.748555731033707,-3.75059521909916
korkmfu01,Furkan Korkmaz,train,-3.112751,-2.980779713662997,-3.105893115670542,-3.090359415687597,-3.101454778563461
kornelu01,Luke Kornet,train,-3.881701,-3.7983064640503557,-3.6995935644843545,-3.719699454451824,-3.699968471705945
kornelu01,Luke Kornet,val,-3.995515,-3.5412911005129297,-4.150015028935462,-4.15607649231746,-4.148736567517284
kornelu01,Luke Kornet,test,-2.721211,-2.3783676458400107,-2.5767469476561344,-2.5441975793233373,-2.5753401575921613
korveky01,Kyle Korver,train,-2.603629,-2.115558415662605,-2.343357989295015,-2.3530107055021796,-2.3385151810033715
koufoko01,Kosta Koufos,train,-2.141317,-2.1012389024032254,-2.4996957883059476,-2.4619393179994367,-2.4996372272898766
krejcvi01,Vít Krejčí,train,-4.266347,-3.4402702331142243,-3.7022016047409227,-3.671473352075582,-3.702361277598839
krejcvi01,Vít Krejčí,test,-4.029543,-2.6194498496206733,-3.216261403711307,-3.175468830020236,-3.2188541378904554
kuminjo01,Jonathan Kuminga,test,-1.888409,-3.281169196160757,-2.9298712438779573,-2.939957608936207,-2.932261597083024
kurucro01,Rodions Kurucs,train,-4.093059,-3.86516299419236,-3.9213249529948335,-3.9071006221824374,-3.921233699213306
kuzmaky01,Kyle Kuzma,train,-2.157239,-2.4752447047910437,-2.455834305164307,-2.4667931383197343,-2.4589649761343466
kuzmaky01,Kyle Kuzma,val,-1.799294,-2.340325595273251,-2.0188824058706425,-2.009206158877594,-2.022884628555685
kuzmimi01,Mindaugas Kuzminskas,train,-3.46301,-4.477545240250361,-4.296790082418374,-4.27561486090794,-4.296390341064631
lambje01,Jeremy Lamb,train,-2.598905,-2.6431154230371816,-3.164574754637732,-3.152583147094206,-3.161697578710699
lambje01,Jeremy Lamb,train,-2.341256,-2.742471873118645,-2.3583112925597938,-2.3157005306205907,-2.3497973830127377
landajo01,Jock Landale,train,-4.503053,-4.443531562081136,-4.2700873421904175,-4.259201109613101,-4.26954036920298
landajo01,Jock Landale,val,-2.833368,-2.8024748752979005,-3.0880970867220596,-3.0856788950978125,-3.0883555325257808
laravja01,Jake LaRavia,test,-3.249386,-3.4913442625869413,-3.3248146087276007,-3.337555453984373,-3.3254833578765357
larkish01,Shane Larkin,train,-3.84303,-3.628036567686588,-3.375087932350656,-3.37449254037824,-3.3775738284458168
larsspe01,Pelle Larsson,test,-4.358047,-3.7432107414746763,-3.856003155428417,-3.859542996064306,-3.856168174062669
lauvejo01,Joffrey Lauvergne,train,-3.698449,-3.3076815557889203,-3.83606919307974,-3.7830547906724936,-3.8369692885029645
lauvejo01,Joffrey Lauvergne,train,-4.132325,-3.4227508034543024,-3.4293871381055525,-3.434710308606565,-3.4298348648139476
lavinza01,Zach LaVine,train,-3.402229,-3.942906520110518,-3.982088560512584,-4.009082577147059,-3.9824420104553133
lavinza01,Zach LaVine,train,-1.653273,-1.9566032381061942,-2.3045946665369668,-2.280585839486854,-2.2968120049252745
lavinza01,Zach LaVine,val,-1.055551,-1.6008784569300487,-1.384530958477646,-1.3574977604880383,-1.3725716800002852
laymaja01,Jake Layman,train,-4.390664,-3.881319491322742,-3.921324945086936,-3.9148971540474857,-3.92115429470333
laymaja01,Jake Layman,train,-3.366441,-2.620582692054356,-2.8606828186583284,-2.864847351330104,-2.862149681910467
leeco01,Courtney Lee,train,-2.059908,-2.1740840713070178,-2.1733641466729887,-2.157110180623302,-2.169385768826153
leeda03,Damion Lee,train,-4.866399,-4.348790251898833,-4.225944101241769,-4.22477448453084,-4.2257372239116915
leesa01,Saben Lee,train,-4.183748,-3.3396233621766136,-3.4989321880230135,-3.480655720009943,-3.5007229583672927
lenal01,Alex Len,train,-3.175593,-3.307245557581865,-3.014526927327332,-3.0459664869229526,-3.0134450303051192
lenal01,Alex Len,train,-3.38063,-3.050230194044439,-3.1451991527850467,-3.1824591408552676,-3.1449723798614695
leonaka01,Kawhi Leonard,train,-1.311452,-1.7893003613348353,-1.4735030600664705,-1.4787262270213748,-1.4740575934906635
leonaka01,Kawhi Leonard,train,-1.155156,-2.485527999209776,-1.5934499743339976,-1.590201012979723,-1.595644906950043
leonaka01,Kawhi Leonard,train,-0.936466,-1.9942370760730945,-1.401207195682426,-1.366420210758902,-1.4033943898323127
leonaka01,Kawhi Leonard,test,-1.132394,-1.7481321566387173,-1.530724118912835,-1.562348498555439,-1.533977665674347
leoname01,Meyers Leonard,train,-2.217537,-2.478505834749874,-2.7335908185237234,-2.725994153607196,-2.7346560700242137
leuerjo01,Jon Leuer,train,-2.19344,-2.4200449894394453,-2.747599316736028,-2.7207035668418884,-2.748085611960831
leverca01,Caris LeVert,train,-1.830431,-2.4553156519706683,-2.5816621642859046,-2.6210986901908098,-2.5846794780499387
leverca01,Caris LeVert,val,-2.140221,-3.1741673698306263,-2.7420902530347258,-2.748219295280237,-2.7359234507241044
leverca01,Caris LeVert,test,-2.370105,-3.002823794139009,-2.7795155515496526,-2.769738374141647,-2.7730603059316024
liggide01,DeAndre Liggins,train,-4.449734,-3.4229790120702597,-3.9062995353603194,-3.848059305598465,-3.9062931343164724
lillada01,Damian Lillard,train,-1.213396,-1.4206525724836463,-0.921064272895693,-0.9162881515292498,-0.9254744029915138
lillada01,Damian Lillard,train,-0.908442,-1.5309194666681583,-0.7253942499164214,-0.6989582577497542,-0.7301373943854101
lillada01,Damian Lillard,val,-0.882292,-2.3128188923889077,-1.820469671845947,-1.794657778658506,-1.8260500018346293
lillada01,Damian Lillard,test,-2.402088,-2.2114343069591813,-1.559235383441236,-1.5366686445199789,-1.5632672149284084
linje01,Jeremy Lin,train,-3.466879,-3.3651297122559707,-2.9316758496081645,-2.8955901397784682,-2.934479837580499
linje01,Jeremy Lin,train,-1.997977,-2.8265038788424155,-2.62880125423865,-2.6122342078617287,-2.623440772875683
littlna01,Nassir Little,val,-2.966899,-1.9896064770894621,-2.5156478333274093,-2.532581757545461,-2.517929197129908
liveris01,Isaiah Livers,train,-4.325652,-3.7287549282527555,-3.857307694420279,-3.852567151763999,-3.857553810894065
livinsh01,Shaun Livingston,train,-2.43157,-2.4752524061304517,-2.6710627900836523,-2.681044133734357,-2.6726782427383693
livinsh01,Shaun Livingston,train,-2.529618,-2.2182370425930262,-2.8090213766658674,-2.788693377983133,-2.8105782295111172
looneke01,Kevon Looney,train,-4.104395,-3.7911922989947624,-3.9041881072620352,-3.947162918645944,-3.904467392226934
looneke01,Kevon Looney,train,-3.119166,-2.783431266178829,-2.7694556613052583,-2.779744450029771,-2.7692654649859394
looneke01,Kevon Looney,val,-2.802592,-2.6594226007640853,-2.6626026198592507,-2.668353138199243,-2.66136647943985
looneke01,Kevon Looney,test,-2.961704,-2.855361282794406,-2.8741647048645502,-2.85073494910079,-2.872411766322724
lopezbr01,Brook Lopez,train,-1.196068,-2.522730295664439,-1.96922198848108,-2.004440276565658,-1.9703461136263765
lopezbr01,Brook Lopez,train,-2.127682,-1.7270890987134582,-1.7670722096163443,-1.8256269856231615,-1.768645870932512
lopezbr01,Brook Lopez,val,-1.734755,-2.2903100384657167,-2.035658192676092,-2.120804487298141,-2.036912082331711
lopezbr01,Brook Lopez,test,-2.847259,-2.1189664627740994,-1.9374583073398877,-1.9672235454480953,-1.9391176420285947
lopezro01,Robin Lopez,train,-1.645806,-2.070626592050923,-2.067101413810389,-2.0460888534982904,-2.067597151049751
lopezro01,Robin Lopez,train,-3.106462,-2.6338475318031818,-2.7307544556007306,-2.7642369104518973,-2.732460687185612
loveke01,Kevin Love,train,-1.425097,-1.0345979814346498,-0.9736504905099967,-0.9782210874876798,-0.9745946233707485
loveke01,Kevin Love,train,-1.288106,-1.2305366634649704,-1.3444846899174343,-1.3755272661654603,-1.3450037358704545
loveke01,Kevin Love,val,-3.54417,-2.3166706390468663,-2.719187754500824,-2.755441868935563,-2.718710605755789
loveke01,Kevin Love,test,-3.559539,-2.36400554932374,-2.7595269206053263,-2.799648451220674,-2.758134118345409
lowryky01,Kyle Lowry,train,-1.659259,-2.057233870314718,-1.5525090375858916,-1.5264734904774642,-1.5555918988772872
lowryky01,Kyle Lowry,train,-1.089501,-2.3861792504677206,-1.5802411070602032,-1.5345312677905916,-1.5834828842782964
lowryky01,Kyle Lowry,train,-1.37815,-1.6035756833096508,-1.6962542847664657,-1.6606467851084101,-1.6992346659267081
lylestr01,Trey Lyles,train,-3.419943,-3.913994893666677,-3.971386407467754,-3.9951308885464463,-3.9716366844047695
lylestr01,Trey Lyles,train,-2.987883,-3.2735161185726813,-3.2241987635350426,-3.234822417708429,-3.2255611762517207
lylestr01,Trey Lyles,train,-3.78023,-3.1021725428810645,-3.5823678567167936,-3.5939073143265796,-3.5827477127055176
lylestr01,Trey Lyles,val,-2.833368,-3.063835665312129,-3.1142784125041407,-3.1294044890186,-3.114848358727082
macksh01,Shelvin Mack,train,-3.254904,-3.065601159554575,-3.1111413049993653,-3.100820546805455,-3.113468774458249
macksh01,Shelvin Mack,train,-2.804299,-3.261539841584896,-3.336056676353785,-3.3210155883479135,-3.3384203298905857
mahinia01,Ian Mahinmi,train,-1.772226,-2.0484462116123696,-2.2782951400576406,-2.2877333738994996,-2.277963905148984
maledth01,Théo Maledon,train,-4.016291,-4.076772339977332,-4.047365484628102,-4.0044768899126995,-4.047450783197723
mamuksa01,Sandro Mamukelashvili,test,-4.074161,-3.268414066847298,-3.4675749632332917,-3.493377451910945,-3.467708511837738
mamuksa01,Sandro Mamukelashvili,test,-2.571506,-2.409840885988678,-2.426137764123283,-2.4282458052901115,-2.426929932821144
mannte01,Terance Mann,train,-4.332629,-3.7432107414746763,-3.855697096154087,-3.859542996064306,-3.855805511346047
mannte01,Terance Mann,train,-2.4196,-2.985438065841917,-3.0643636767504385,-3.11202382495579,-3.060768262850617
mannte01,Terance Mann,test,-2.28961,-2.2754686567367446,-2.3290834204521325,-2.3251568319677096,-2.325391429889666
manntr01,Tre Mann,test,-2.961704,-3.001187920564532,-3.236055363626596,-3.202676706014699,-3.2399601463100445
marjabo01,Boban Marjanović,train,-2.598905,-3.3113387403133836,-3.4882940401708815,-3.5705983083490436,-3.486242617702856
marjabo01,Boban Marjanović,train,-3.439868,-3.5072774223437047,-3.514992963905059,-3.5510891152001456,-3.5134318439674175
marjabo01,Boban Marjanović,train,-3.469426,-3.3359338466520874,-3.8046702325778434,-3.802063001144764,-3.8031843486280184
markkla01,Lauri Markkanen,train,-1.8968,-2.055596258059651,-2.1854093100447898,-2.1885228069547855,-2.1870949399021944
marshna01,Naji Marshall,test,-2.748609,-3.1995191014179105,-3.182195657096846,-3.163784081582989,-3.1829556247618727
marshna01,Naji Marshall,test,-2.38183,-2.419590702050848,-2.2601547463816045,-2.236249541182692,-2.2634029995393603
martica02,Caleb Martin,train,-4.356159,-3.900087916102239,-4.001256430292243,-3.977657588517597,-4.001428824077431
martica02,Caleb Martin,val,-2.900083,-3.079267532608688,-3.0608795337583734,-3.0779572011770426,-3.062120629678666
martica02,Caleb Martin,test,-2.775638,-2.5879766094720065,-2.6109713875684157,-2.56096622659698,-2.6131407905282877
martico01,Cody Martin,train,-4.293855,-3.884720859139665,-3.937245238283419,-3.91653852917697,-3.9373433590595064
martico01,Cody Martin,val,-2.758257,-2.610946430078367,-2.663751469487658,-2.6528540981621918,-2.6653335146184025
martija01,Jarell Martin,train,-4.017384,-4.042749882018206,-4.017446282233234,-4.045971264923546,-4.017312578430772
martike03,Kelan Martin,train,-4.238376,-3.9818545253457156,-4.058468749419044,-4.006321559234299,-4.060114287064405
martike04,KJ Martin,train,-4.265731,-3.4567979181176773,-3.7173821997568712,-3.686002428403808,-3.7176574818752806
martity01,Tyrese Martin,val,-4.502685,-4.196164787042423,-4.096651266567747,-4.1087116109894035,-4.096593428980571
masonfr01,Frank Mason III,train,-4.26436,-3.897475988453124,-3.9491716363334657,-3.9226936859125345,-3.9496787404865144
matkoka01,Karlo Matković,test,-4.358047,-3.729605270206986,-3.8440366103850483,-3.8529774955463703,-3.8439050019081953
matthwe02,Wesley Matthews,train,-1.386294,-2.2235362960673744,-1.9187514609476912,-1.91462798052158,-1.9105275943389355
matthwe02,Wesley Matthews,train,-3.725648,-2.919763933942315,-2.722357130262886,-2.7483975534873184,-2.725736870131376
maxeyty01,Tyrese Maxey,test,-1.237887,-2.076572306435965,-1.3486219989792891,-1.2975022469101931,-1.3544219991183382
mbahalu01,Luc Mbah a Moute,train,-3.733885,-2.9342303350063696,-3.240444771752584,-3.278352528413741,-3.2413786208561985
mcadoja01,James Michael McAdoo,train,-4.931692,-4.067526313191524,-4.305332283945621,-4.289694865997595,-4.304915702742711
mcbrimi01,Miles McBride,train,-4.357545,-3.7602175805592886,-3.869966644091056,-3.8677498717117254,-3.8703184854267394
mcbrimi01,Miles McBride,val,-3.479497,-2.716032081569531,-3.3416836985757596,-3.322760017352776,-3.3441646057147376
mccaija01,Jared McCain,test,-3.364354,-3.3072635349915425,-3.6287064144030654,-3.6185812567866273,-3.629167905075592
mccawpa01,Patrick McCaw,train,-4.873319,-4.358083111608947,-4.180848609950434,-4.175555394878971,-4.1805921275543625
mccawpa01,Patrick McCaw,train,-3.525075,-3.3495593223971163,-3.502964921618667,-3.460896992578849,-3.501813154473417
mccawpa01,Patrick McCaw,train,-3.306337,-3.5372627281153957,-3.913090241057885,-3.8875275217843885,-3.9120629537891816
mccolcj01,CJ McCollum,train,-1.318914,-2.1007885235621897,-1.762885363183135,-1.7701576688266367,-1.7538932494744555
mccolcj01,CJ McCollum,train,-1.186074,-2.2967272055925108,-1.6999521388022871,-1.6746869004121516,-1.6901238801237692
mccolcj01,CJ McCollum,val,-1.447073,-2.4926658876228314,-1.9952321830046034,-2.018553723682556,-2.000048057570041
mccontj01,T.J. McConnell,train,-3.439868,-3.592311617766768,-3.286056930668044,-3.267522954326175,-3.2873121310280538
mccontj01,T.J. McConnell,train,-2.593957,-2.515059950939657,-2.562604476961476,-2.537999173714853,-2.5638211106731403
mccontj01,T.J. McConnell,test,-2.620777,-1.6494597637267858,-2.295679777703275,-2.326508867331451,-2.297680974912995
mcculch01,Chris McCullough,train,-4.095774,-4.0759132182332,-4.042578579096218,-4.061974672436014,-4.042421445981846
mcdanja01,Jalen McDaniels,train,-4.265731,-3.298760115449236,-3.6330465158171537,-3.614477818962918,-3.633312041448848
mcdanja01,Jalen McDaniels,val,-3.380252,-3.431182733368052,-3.0866298855856056,-3.0808881723300923,-3.0880698466773775
mcdanja02,Jaden McDaniels,val,-1.680074,-1.5664143999197877,-1.7863216850046437,-1.8108230325646486,-1.7898828725226372
mcdankj01,K.J. McDaniels,train,-3.066768,-3.5551913987827954,-3.3775437179534396,-3.4196281603231973,-3.374230360060362
mcderdo01,Doug McDermott,train,-3.298298,-4.054654669377435,-4.027496177643978,-4.05171607787674,-4.027544192830581
mcderdo01,Doug McDermott,train,-2.631258,-2.9612218487156925,-2.8907485426199684,-2.861393634967253,-2.8933466717762943
mcderdo01,Doug McDermott,train,-2.083131,-2.2642900694034314,-2.31827252676423,-2.294953123133008,-2.3212421347526915
mcgeeja01,JaVale McGee,train,-3.281644,-2.6432012932997186,-2.5492475099583096,-2.5814991963389984,-2.5489893550304545
mcgeeja01,JaVale McGee,val,-3.071198,-2.0662385823172285,-2.5220434574809887,-2.5455402727041236,-2.5209703838865254
mcgruro01,Rodney McGruder,train,-4.727136,-4.033094614224921,-4.051189751316295,-4.0305496838065515,-4.0510956243402285
mcgruro01,Rodney McGruder,train,-3.083194,-3.2122742307313703,-3.129770825794525,-3.108639521725318,-3.1262327202780242
mckinal01,Alfonzo McKinnie,train,-4.505304,-4.477545240250361,-4.2847030884871415,-4.27561486090794,-4.284264392217785
mckinal01,Alfonzo McKinnie,train,-4.238425,-3.8280684324484278,-4.469699899932787,-4.442206116398818,-4.470012108813061
mckinal01,Alfonzo McKinnie,train,-4.091051,-2.917357987832065,-3.5402736797712406,-3.4378701722844203,-3.5418258024525042
mclaujo01,Jordan McLaughlin,train,-3.95208,-3.3149528576617913,-3.5263164587614986,-3.4910603235681013,-3.5280744274007496
mclembe01,Ben McLemore,train,-2.922708,-3.439686152910358,-3.3866658138487264,-3.3754909139043865,-3.3837915572216324
mclembe01,Ben McLemore,train,-3.927164,-3.268342577218741,-3.932238472035672,-3.9367645786508403,-3.930749104874846
mcrobjo01,Josh McRoberts,train,-2.4103,-2.105490612174379,-2.232803187399668,-2.238854882919062,-2.2341666548606103
meeksjo01,Jodie Meeks,train,-2.30839,-2.7552984920606614,-2.2980342180655127,-2.286675731816487,-2.291202679574311
meeksjo01,Jodie Meeks,train,-3.387098,-2.9512371740909824,-3.28054445148259,-3.283592261434901,-3.276531187542532
mejrisa01,Salah Mejri,train,-4.471639,-4.007584355598002,-4.028561192313522,-4.018239370335422,-4.027875512352701
mellini01,Nicolò Melli,train,-3.306337,-4.459688059211518,-4.283092506036743,-4.266997641478149,-4.2826749016897185
meltode01,De'Anthony Melton,train,-4.445541,-4.208919916355883,-4.120358599274697,-4.114866767724968,-4.120692096537804
meltode01,De'Anthony Melton,train,-2.535072,-2.7344044517833943,-3.0213628567545,-3.0026089518255836,-3.022998163268742
meltode01,De'Anthony Melton,test,-3.857885,-3.045412381479097,-3.40146973244103,-3.3929003688669512,-3.3959394363852207
meltode01,De'Anthony Melton,test,-3.30949,-3.0927472917559706,-3.188587253512866,-3.16597443139274,-3.1913595792583127
merrisa01,Sam Merrill,train,-4.51031,-4.504216126918159,-4.268751688782291,-4.241335191366668,-4.268645216010944
merrisa01,Sam Merrill,val,-4.167778,-3.602526309059669,-4.212485082422601,-4.158741987322123,-4.211532342567875
merrisa01,Sam Merrill,test,-2.789853,-2.43960285438675,-2.8021882229324855,-2.7683303185389594,-2.7991109927366313
metuch01,Chimezie Metu,train,-4.361323,-3.73470732193237,-3.847950203636943,-3.855439558240596,-3.8478236988724563
metuch01,Chimezie Metu,train,-4.125426,-3.1660999484953756,-3.951075954941838,-3.939754013001748,-3.951006446597775
micicva01,Vasilije Micić,val,-2.851871,-3.7661699742389034,-3.886925556090495,-3.870622278188322,-3.887378910115179
middlkh01,Khris Middleton,train,-1.609438,-1.7445164769206536,-1.8076810397353529,-1.8380689572289173,-1.81032963246194
middlkh01,Khris Middleton,train,-1.123099,-1.5348360236601013,-1.5063302769835252,-1.5022613617774037,-1.509372943578977
middlkh01,Khris Middleton,val,-1.478822,-2.2310636615350425,-2.441521176115385,-2.446038184427379,-2.443634180426986
middlkh01,Khris Middleton,test,-3.366601,-1.6671385803454633,-2.3635949046793368,-2.3345181559687047,-2.3661690829123505
milescj01,C.J. Miles,train,-2.642313,-1.8181471774446922,-2.5414705414059804,-2.562719531392943,-2.536727550366299
milescj01,C.J. Miles,train,-2.475795,-2.147092557597695,-2.4355740905777634,-2.4266207933803945,-2.437962177339407
milleda01,Darius Miller,train,-4.195459,-3.5855194699750568,-3.7567521420998014,-3.7599165368994147,-3.758503383301764
milleda01,Darius Miller,train,-2.729022,-3.1571605307460135,-3.180044185341295,-3.1744104123393164,-3.1833057817472397
millejo02,Jordan Miller,test,-3.507215,-3.073254237142651,-3.077198714070967,-3.061956186186766,-3.0793718150976135
millele01,Leonard Miller,val,-4.180441,-3.2860049861357767,-3.6102573609331943,-3.608322662227353,-3.6103013620414823
millemi01,Mike Miller,train,-3.116334,-2.4304037113822856,-2.837458950730238,-2.9130490702246195,-2.8391063240605265
millemi01,Mike Miller,train,-3.628524,-2.3920668338133506,-3.5752514458570843,-3.6101959961724126,-3.5758303266968956
millspa01,Paul Millsap,train,-1.249435,-2.2396385707059054,-1.696397476862205,-1.7271116323517857,-1.6970392037471602
millspa01,Paul Millsap,train,-1.178332,-2.654255738704717,-1.8753615618388528,-1.8812237063815842,-1.8765402748965414
millspa02,Patty Mills,train,-2.677829,-2.8664805385333887,-2.8084544295245135,-2.800749151124611,-2.8104308438563983
millspa02,Patty Mills,train,-2.111152,-2.1565111294282167,-2.401586274366805,-2.356304750328758,-2.4043121654440087
millspa02,Patty Mills,train,-2.924613,-2.7197320691804756,-2.830914345467434,-2.7870717076496927,-2.8346251676429834
millspa02,Patty Mills,val,-2.924383,-2.767066979457349,-2.6932372670118374,-2.660702472293261,-2.6891046338029003
miltosh01,Shake Milton,val,-3.303371,-3.345510945522243,-3.158627506964897,-3.1402279770003227,-3.1549510653251627
miltosh01,Shake Milton,test,-3.8296,-2.3669686963338523,-3.095678993872238,-3.06059132275029,-3.094010886362079
minotjo01,Josh Minott,val,-4.266488,-3.165753417326554,-3.5583270883819758,-3.5615857236739634,-3.5586680180591124
minotjo01,Josh Minott,test,-4.132887,-3.383847823091178,-3.8989203752832537,-3.9219075478990586,-3.898861227276929
minotjo01,Josh Minott,test,-3.632378,-3.431182733368052,-3.5205328442714197,-3.5186803193213874,-3.5210240981380214
mirotni01,Nikola Mirotić,train,-2.433376,-3.8464554711992864,-3.8939699393169978,-3.898073058970276,-3.8936512066809685
mitchaj01,Ajay Mitchell,test,-3.976434,-3.2479991806511905,-3.5091434661616967,-3.518093693422325,-3.5061363291107672
mitchda01,Davion Mitchell,test,-2.556238,-3.4337337592307438,-3.096177512349793,-3.102141224211691,-3.099054905080096
mitchdo01,Donovan Mitchell,train,-1.237876,-1.5744386653809344,-1.2943537211522251,-1.280432678367673,-1.283227071176685
mitchdo01,Donovan Mitchell,test,-1.126991,-1.9711183829224455,-1.3644177524034644,-1.3916250305186877,-1.3501611419697541
mitchdo01,Donovan Mitchell,test,-1.009688,-1.479827459785764,-1.0637122200803537,-1.0669631470950773,-1.0492027677148172
monkma01,Malik Monk,val,-2.544339,-3.3497626552933966,-2.903404325200975,-2.8978668714438296,-2.8971582678062515
monkma01,Malik Monk,test,-1.975676,-2.272510988466286,-2.265877935256102,-2.230499103267881,-2.258969539061471
monrogr01,Greg Monroe,train,-1.407469,-2.708529684577977,-2.009015501818416,-2.0370249324337033,-2.00836848459961
mooreet01,E'Twaun Moore,train,-4.164369,-3.5287593085730893,-3.398530641727631,-3.4063978754184374,-3.3962447580521817
mooreet01,E'Twaun Moore,train,-2.404749,-2.451507641745979,-2.869429868270379,-2.835880140926776,-2.8668922397399794
moranja01,Ja Morant,val,-1.237877,-1.5757681614163246,-1.267744497647998,-1.2991713093633628,-1.2725953496432638
moreler01,Eric Moreland,train,-4.39691,-4.00503332973531,-4.027828632784896,-4.017008338988309,-4.027366814737059
moreler01,Eric Moreland,train,-3.993566,-3.184212946241759,-3.6085604563803573,-3.4684443351258105,-3.609294408683689
morrima02,Markieff Morris,train,-2.169054,-1.9683479282336962,-1.9378082030784434,-1.9884082665375393,-1.9397286195763126
morrima02,Markieff Morris,train,-3.504788,-3.054481903815592,-2.976450990201947,-2.9913090893554206,-2.9775158096808276
morrima03,Marcus Morris,train,-2.639057,-1.9913071609979234,-2.291588552849128,-2.324041751637474,-2.2936611768929724
morrima03,Marcus Morris,train,-1.920043,-2.2524024798092652,-2.1429294133057675,-2.1080467027472864,-2.1459807568772598
morrimo01,Monte Morris,train,-4.183285,-3.253951574330805,-3.8951941597481037,-3.98859395989811,-3.893739362293377
morrimo01,Monte Morris,train,-2.496844,-2.6405643971744897,-2.6590693954824887,-2.637470747059107,-2.6622099251690248
morroan01,Anthony Morrow,train,-2.940193,-2.951007157422791,-3.06653704360605,-3.062778391026996,-3.0628175819392354
mozgoti01,Timofey Mozgov,train,-1.772226,-2.4427808848300536,-2.65237892399764,-2.6184299768800865,-2.652352728575916
mudiaem01,Emmanuel Mudiay,train,-3.094764,-4.0759132182332,-4.0577261657707515,-4.061974672436014,-4.058174021994915
muhamsh01,Shabazz Muhammad,train,-4.074293,-3.4141758942834395,-3.1550824710501635,-3.124639371058632,-3.1576095966136375
murrade01,Dejounte Murray,train,-4.081081,-3.1870119661823195,-3.5758579640288564,-3.5718443182332376,-3.5764465729433557
murrade01,Dejounte Murray,train,-1.920043,-2.0236201552586874,-2.792500606028848,-2.712218911649909,-2.794054896726297
murrade01,Dejounte Murray,val,-1.593826,-1.680933003875453,-1.489961062315484,-1.482389046023411,-1.4800616936040758
murraja01,Jamal Murray,train,-1.025742,-1.5409041412928688,-1.5013092809660291,-1.5149616012487757,-1.506005791230704
murraja01,Jamal Murray,test,-1.090623,-1.5654992476315726,-1.6247452941583471,-1.6941812823798885,-1.6291321448243619
muscami01,Mike Muscala,train,-2.986621,-2.95506576032506,-3.0546662824126507,-3.0972221657073122,-3.05563773330318
muscami01,Mike Muscala,train,-3.927164,-2.916728882756125,-3.0212241478097006,-3.01831863814255,-3.0227516179903247
muscami01,Mike Muscala,train,-3.469426,-2.87839200518719,-3.230984368231064,-3.227872455657001,-3.2325410537737254
muscami01,Mike Muscala,val,-3.564732,-2.9257269154640633,-3.310224758115787,-3.344366057007128,-3.310345060899072
mykhasv01,Svi Mykhailiuk,train,-4.252124,-4.071661508462047,-4.05324060096352,-4.059922953524159,-4.053457790324876
mykhasv01,Svi Mykhailiuk,train,-4.131628,-3.383847823091178,-3.358424759552077,-3.349649128444784,-3.3610717001280364
mykhasv01,Svi Mykhailiuk,test,-3.62075,-2.3539310665409414,-3.286308752982162,-3.267999908741834,-3.287445765382686
naderab01,Abdel Nader,train,-4.269156,-3.73470732193237,-3.8494805000085934,-3.855439558240596,-3.8496370124555677
naderab01,Abdel Nader,train,-3.989821,-3.4141758942834395,-3.7174514400233525,-3.7287784203790326,-3.7183873578511597
nancela02,Larry Nance Jr.,train,-4.082981,-4.037647830292822,-4.027456038558553,-4.04350920222932,-4.027695806613091
nancela02,Larry Nance Jr.,train,-2.276718,-1.9683479282336962,-2.190389504488648,-2.24472770197349,-2.1898864717536326
nancela02,Larry Nance Jr.,val,-2.53419,-2.531568867985955,-2.830991408226417,-2.8842037428511715,-2.8313720735164862
nancepe01,Pete Nance,test,-4.163784,-3.7338932250603127,-3.8508256822027422,-3.81266900805398,-3.8518876964010413
napiesh01,Shabazz Napier,train,-3.909094,-4.097171767088966,-4.06225186966341,-4.072233266995289,-4.062738639882445
nelsoja01,Jameer Nelson,train,-3.116334,-2.9299071356066597,-2.7013976524442707,-2.712088964909574,-2.704788683684028
nelsoja01,Jameer Nelson,train,-2.737038,-2.3912813021931045,-2.800657803638103,-2.7987793176333313,-2.803354549224578
nembhan01,Andrew Nembhard,val,-4.054356,-3.4436716009311468,-3.706034904006173,-3.673114727205066,-3.7064243931081684
nembhan01,Andrew Nembhard,test,-2.06817,-2.5528922271757057,-2.6886544990524017,-2.7277440561977913,-2.69218364122854
nesmiaa01,Aaron Nesmith,val,-2.547938,-2.446812232428362,-2.62729392387803,-2.6344193834506098,-2.6306334435862255
nesmiaa01,Aaron Nesmith,test,-2.13102,-2.728422702304491,-2.751659856969832,-2.7825815610605984,-2.7540976649600246
netora01,Raul Neto,train,-4.353856,-3.9059794079954306,-3.9547761139302997,-3.926797123736244,-3.9551219139437497
netora01,Raul Neto,train,-3.83523,-3.538113070069626,-3.792638122130464,-3.7842923678807123,-3.7940487676165597
niangge01,Georges Niang,train,-4.727136,-3.8634623102838987,-3.908239487253966,-3.9062799346176957,-3.908164180761661
niangge01,Georges Niang,train,-4.124935,-3.128313714636157,-4.153051246308875,-4.102256517767531,-4.153779327440622
niangge01,Georges Niang,train,-3.513228,-3.3242523966664774,-3.3514098457353976,-3.336606570689467,-3.352777328183915
niangge01,Georges Niang,val,-2.772743,-2.6999547754071136,-2.8749649565976245,-2.8410143098617624,-2.8772223420825305
nichoan01,Andrew Nicholson,train,-2.673013,-2.4870092542921802,-3.0224247811257827,-3.023807520882719,-3.023526447846703
noahjo01,Joakim Noah,train,-1.646282,-2.0756571541477498,-2.506449274455604,-2.4868400233807533,-2.503975214245077
noelne01,Nerlens Noel,train,-3.995079,-3.28542090593191,-3.435144985465896,-3.4736033994949107,-3.433519043774589
noelne01,Nerlens Noel,train,-2.496844,-2.70845819494942,-2.64270402390449,-2.6733878149813672,-2.6413965200569076
noguelu01,Lucas Nogueira,train,-3.556379,-4.041049198109745,-4.015529632600609,-4.045150577358804,-4.015281020676108
nowelja01,Jaylen Nowell,train,-6.147919,-3.755115528833905,-3.8781400447703938,-3.8652878090174996,-3.878525737309325
nowitdi01,Dirk Nowitzki,train,-2.023902,-1.8688186452045032,-1.5129332922654748,-1.591059311591502,-1.5151832333287696
ntilila01,Frank Ntilikina,train,-4.075085,-3.435434443139205,-3.9243701204173207,-3.94435730068052,-3.9251003131643
nunnke01,Kendrick Nunn,train,-3.088058,-3.630648495335703,-3.0826462500017264,-3.1072821044194607,-3.0860330243868246
nurkiju01,Jusuf Nurkić,train,-3.556379,-3.999382442352444,-3.9838746803178013,-4.025043732022626,-3.983640991517931
nurkiju01,Jusuf Nurkić,train,-2.138781,-2.452995576122955,-2.2224802362970113,-2.261096258727177,-2.222751968361624
nurkiju01,Jusuf Nurkić,val,-1.955295,-2.1103084247397206,-2.204570566618659,-2.214984870882394,-2.203907335842326
nurkiju01,Jusuf Nurkić,test,-2.73856,-2.6735293644919795,-2.7819618590529984,-2.79160051016577,-2.7801894800800615
nwabada01,David Nwaba,train,-4.959902,-3.8108666784426974,-3.8912170059721554,-3.882558020997327,-3.888281004522503
nwabada01,David Nwaba,train,-4.133016,-3.6059885786630144,-3.54036712979711,-3.522782733493278,-3.541709091787181
nwabada01,David Nwaba,train,-3.112751,-3.114697655526333,-3.3121291169596727,-3.287148984346822,-3.3135038164740456
nworajo01,Jordan Nwora,train,-4.51031,-4.487209287833546,-4.254482140845322,-4.233128315719249,-4.254132241930251
nworajo01,Jordan Nwora,val,-3.752785,-3.5855194699750568,-3.4993093465350076,-3.493896072259795,-3.501172043990457
obryajo01,Johnny O'Bryant,train,-4.354887,-3.8405030775196716,-3.889710139797451,-3.895200652493679,-3.8894420562726197
obryajo01,Johnny O'Bryant,train,-4.764477,-3.639177961804615,-4.238254080075142,-4.205771531220156,-4.238812685142018
ojelese01,Semi Ojeleye,train,-4.238384,-3.7219521926189105,-3.839390457604527,-3.8492844015050314,-3.8394776073282926
okafoja01,Jahlil Okafor,train,-2.704129,-3.883382583314374,-3.9475987886820576,-3.980358512381091,-3.947761839902581
okafoja01,Jahlil Okafor,train,-3.996987,-3.456779940708,-3.6004384726416676,-3.603880735904109,-3.6006674162798395
okoboel01,Elie Okobo,train,-4.263685,-3.897475988453124,-3.9479473992361456,-3.9226936859125345,-3.9482280896200255
okogijo01,Josh Okogie,val,-3.853284,-3.205701511765716,-3.1699057382177456,-3.2059577475155714,-3.1658653001290213
okogijo01,Josh Okogie,test,-2.866392,-3.2530364220425896,-3.3950309629700515,-3.4150369877669613,-3.392315877526552
okogijo01,Josh Okogie,test,-3.344696,-3.0816928463509723,-3.2232228259712525,-3.2280034565617206,-3.220875046757309
okongon01,Onyeka Okongwu,val,-2.205316,-2.0582714258506583,-2.0386782478451417,-2.068075654400173,-2.0388332005499485
okorois01,Isaac Okoro,test,-2.547938,-2.9612218487156925,-2.6442790500882474,-2.6401064240963374,-2.6465909022224863
okpalkz01,KZ Okpala,train,-4.356159,-3.876217439597358,-3.930110464314935,-3.91243509135326,-3.93008687201916
okpalkz01,KZ Okpala,val,-4.131877,-3.508351101671554,-4.013609199807077,-3.995367283015626,-4.014450597049476
oladivi01,Victor Oladipo,train,-1.539702,-1.8625521726463945,-1.759548921904705,-1.8148347367355955,-1.7519721198348146
oladivi01,Victor Oladipo,val,-2.609221,-2.863014360382482,-3.2905580417347324,-3.3617829021153223,-3.283983440942726
olynyke01,Kelly Olynyk,train,-2.07033,-2.3625059757118043,-2.4321121803857904,-2.4343683179387066,-2.432787233854996
olynyke01,Kelly Olynyk,train,-2.204492,-2.6057795680189986,-2.3140851982138333,-2.310844313831981,-2.3146539225914804
olynyke01,Kelly Olynyk,test,-2.466626,-2.3596746485846216,-2.4844980030106907,-2.508812754102781,-2.4850569331149117
onealro01,Royce O'Neale,train,-4.35967,-4.015237433186078,-4.036880056386005,-4.021932464376761,-4.036654859532071
onealro01,Royce O'Neale,train,-2.524964,-2.2994194026600825,-2.4096469768541944,-2.4056906059737604,-2.4106752444997417
onealro01,Royce O'Neale,test,-2.594458,-2.398775852741546,-2.4479619128882146,-2.440834968831238,-2.4488064993438736
onimi01,Miye Oni,train,-4.356159,-3.883870517185434,-3.924199919535874,-3.916128185394599,-3.924201631335327
oquinky01,Kyle O'Quinn,train,-2.862201,-1.9997579282404712,-2.652230663718264,-2.658102153758589,-2.652864629945761
osmande01,Cedi Osman,train,-2.641075,-2.066774845392964,-2.174013083805061,-2.187251868546001,-2.1782165369115782
oubreke01,Kelly Oubre Jr.,train,-3.573003,-3.940355494247826,-3.979213586063646,-4.007851545799946,-3.9793946738233164
oubreke01,Kelly Oubre Jr.,train,-1.984581,-3.299876719153831,-2.779038576181542,-2.78180132698085,-2.781900330909979
oubreke01,Kelly Oubre Jr.,train,-2.19646,-3.1285331434622137,-2.720817306277057,-2.724952369185795,-2.7233505768641217
oubreke01,Kelly Oubre Jr.,test,-2.847816,-2.871517779924788,-2.5714274262335093,-2.5893509316619525,-2.5742355734968214
oubreke01,Kelly Oubre Jr.,test,-3.026242,-2.833180902355853,-2.6803209811927045,-2.693435400586729,-2.6823788457587825
parkeja01,Jabari Parker,train,-2.52676,-3.7716344340474577,-3.8897981183451003,-3.9377250116514113,-3.8901710459638443
parkeja01,Jabari Parker,train,-2.820829,-3.178490569230336,-2.7960147701374165,-2.806364040017027,-2.798050326039408
parketo01,Tony Parker,train,-3.01425,-2.3344563304571526,-2.95947354451028,-2.982120593891019,-2.9618942865472877
parsoch01,Chandler Parsons,train,-1.411965,-3.042641926790348,-2.0772544959207178,-2.0776910442912584,-2.0796490891201307
parsoch01,Chandler Parsons,train,-1.382509,-2.418344305530984,-2.099610427920869,-2.090242175407849,-2.1015027676677716
pascher01,Eric Paschall,train,-4.356159,-3.842203761428133,-3.891932848704406,-3.896021340058421,-3.8918362767439065
pattepa01,Patrick Patterson,train,-2.344108,-2.8197117310507043,-2.727412190398537,-2.752787265596226,-2.727951380539839
pattepa01,Patrick Patterson,train,-2.899832,-2.5626963675132783,-2.6060406771169884,-2.612079701441103,-2.606813315005242
paulbr01,Brandon Paul,train,-4.866399,-4.490300369563821,-4.30810436191976,-4.281770017643504,-4.308000397058395
paulch01,Chris Paul,train,-1.077975,-1.013552182110369,-0.6918015309027803,-0.646608498249218,-0.6938648726076133
paulch01,Chris Paul,train,-0.936685,-1.6467321121245182,-1.2841960291031618,-1.2462291443827116,-1.2856366416948974
paulch01,Chris Paul,train,-1.320991,-1.5227234467097746,-1.4749995341814521,-1.450235847496268,-1.4771004802857113
paynead01,Adreian Payne,train,-3.504947,-4.044450565926667,-4.018750813317199,-4.046791952488288,-4.0186188107521925
payneca01,Cameron Payne,train,-3.523365,-3.957362333332439,-4.006794365029168,-4.016058421447366,-4.007484247617344
payneca01,Cameron Payne,train,-4.077446,-3.3168835582384437,-3.647185578414139,-3.6235251270870408,-3.649735057466117
payneca01,Cameron Payne,train,-2.876362,-2.8255926351017617,-3.0897151732420767,-3.0918329235115176,-3.091198340747513
paytoel01,Elfrid Payton,train,-3.248078,-3.9471582298816714,-3.985962006771156,-4.0111342960589145,-3.9864329166921086
paytoel01,Elfrid Payton,train,-2.61319,-3.2210076669418672,-2.95300782350578,-2.9620536955268895,-2.9549230838354714
paytoga02,Gary Payton II,train,-4.321671,-4.3615453812122915,-4.249651433948718,-4.230929641266405,-4.249835891468924
paytoga02,Gary Payton II,train,-4.989101,-3.9642815834669145,-4.288476734502865,-4.212353926573745,-4.290752681393905
paytoga02,Gary Payton II,val,-2.652259,-2.916427376459377,-3.112496487668787,-3.0954408473153303,-3.1076414487119925
peavymi01,Micah Peavy,test,-4.265798,-3.4232633940296116,-3.6894623531756046,-3.6632664764281624,-3.6896616171012573
pendano01,Noah Penda,test,-4.242512,-3.4232633940296116,-3.6767632406957116,-3.6632664764281624,-3.6768103428211667
phillju01,Julian Phillips,val,-4.204773,-3.3047125091288505,-3.6385305524340206,-3.6173502254395147,-3.638971842723686
pickeja02,Jalen Pickett,val,-4.191318,-3.301311141311928,-3.624446614883519,-3.6157088503100305,-3.624958754667243
piercpa01,Paul Pierce,train,-2.453148,-2.4632828084372385,-2.3058450546245997,-2.365344830679101,-2.307358426908051
piercpa01,Paul Pierce,train,-2.988142,-1.9246569750236833,-2.1569007022235995,-2.2187134700115587,-2.158610407400067
plowdda01,Daeqwon Plowden,test,-4.198403,-3.8272180904941973,-3.6052647889264726,-3.5750043270255043,-3.600729409082801
plumlma01,Mason Plumlee,train,-1.981099,-2.9365619320430043,-2.375209659620039,-2.3768096532925336,-2.3747957328290945
plumlma01,Mason Plumlee,train,-2.586061,-2.846087790716326,-2.8538044731177594,-2.8600250095635724,-2.8528601218639342
plumlmi01,Miles Plumlee,train,-2.019086,-2.4878595962464107,-2.897256223608461,-2.8792610330914044,-2.8975282791516404
poeltja01,Jakob Poeltl,train,-2.523578,-2.9709467980853006,-2.871600973163346,-2.862158105747768,-2.8705467276304426
poeltja01,Jakob Poeltl,val,-1.942395,-2.0944361667693805,-1.9399062722680247,-1.9301142128967654,-1.9393296794153003
poeltja01,Jakob Poeltl,test,-1.798316,-1.9004685110927464,-1.9011472196609382,-1.9397857419929232,-1.9010078509159596
poolejo01,Jordan Poole,val,-1.447073,-2.0117153678994586,-1.9286274283403901,-1.9614271313476423,-1.9204252678235971
portecr01,Craig Porter Jr.,val,-4.217198,-3.468392419390258,-3.765134023045571,-3.7387475681517737,-3.765568187047058
porteke02,Kevin Porter Jr.,val,-2.149009,-1.7380488940660186,-2.0809512128365544,-2.123910468539613,-2.085798578315306
porteke02,Kevin Porter Jr.,test,-4.07454,-3.0811982331853405,-3.337471454682726,-3.288783636731729,-3.338215596652627
porteke02,Kevin Porter Jr.,test,-3.381014,-3.1285331434622137,-3.0427746977598087,-3.076237959657809,-3.0371560858616324
portemi01,Michael Porter Jr.,train,-1.276246,-1.6240249032759855,-1.5945800225649973,-1.6445187731551898,-1.5971364943494835
porteot01,Otto Porter Jr.,train,-1.314208,-1.8252972238919734,-1.567827892251247,-1.5732235082837915,-1.568971008062746
porteot01,Otto Porter Jr.,val,-3.001043,-2.875769489695941,-2.912632718877288,-2.9725757161150397,-2.9119738583479458
portibo01,Bobby Portis,train,-3.897838,-3.5013693280309406,-3.761271923627298,-3.8298891021616477,-3.761869316074516
portibo01,Bobby Portis,train,-3.384299,-3.0747666854245663,-3.00766145430016,-3.0050557154075093,-3.009278947847293
portibo01,Bobby Portis,train,-3.228161,-2.9555603734906923,-2.798532924308969,-2.8595827897682615,-2.798226824809626
portibo01,Bobby Portis,val,-2.320578,-2.0969871926320724,-2.0035440002290805,-2.0118224522551165,-2.0039926948915987
portibo01,Bobby Portis,test,-2.365618,-2.4259325727850753,-2.4209472536184973,-2.4210518233421543,-2.420956653746499
porzikr01,Kristaps Porziņģis,train,-2.807476,-3.908892841941293,-3.965942517844209,-3.9926688258522205,-3.9659046738573975
porzikr01,Kristaps Porziņģis,train,-1.237893,-1.9095519301440578,-2.593494399173762,-2.498085990065923,-2.5940786372279376
porzikr01,Kristaps Porziņģis,val,-1.544636,-2.4501487899113,-1.799770376697535,-1.8590681052570814,-1.8017653051702138
porzikr01,Kristaps Porziņģis,test,-2.236033,-2.193133426373874,-2.356513467128816,-2.393280654149842,-2.3583663320483277
postqu01,Quinten Post,test,-2.83387,-2.6815945632274762,-2.8727619878102892,-2.8757265365550753,-2.873675077766001
poweldw01,Dwight Powell,train,-4.537209,-4.041899540063975,-4.016794016691252,-4.045560921141175,-4.016659462270062
poweldw01,Dwight Powell,train,-2.294736,-2.121203409758297,-2.103267802556499,-2.1193033586086285,-2.104068345596952
poweldw01,Dwight Powell,val,-3.526515,-2.387101082050508,-2.5453406746897427,-2.509151971858959,-2.5457391815570207
powelno01,Norman Powell,train,-4.414943,-3.876217439597358,-3.9189416482066926,-3.91243509135326,-3.9190489113221805
powelno01,Norman Powell,train,-1.831817,-1.8924736014308885,-1.8453994899146189,-1.801429252144457,-1.8369726625027665
powelno01,Norman Powell,test,-2.043596,-2.8229767989050853,-2.4001616293309698,-2.3691820266255768,-2.3891336339883944
poythal01,Alex Poythress,train,-4.456297,-4.063274603420371,-3.8054300185310965,-3.804752833912456,-3.806690076459479
pricero01,Ronnie Price,train,-3.628524,-2.9926091028461075,-3.5055813177129806,-3.451020493209097,-3.507542414894889
prigipa01,Pablo Prigioni,train,-4.43596,-3.596563327537921,-3.6894860592963683,-3.669901435501671,-3.6896393528934395
princta02,Taurean Prince,train,-2.156952,-2.7642085540107346,-2.692790286185342,-2.734036667278928,-2.6966874070647777
princta02,Taurean Prince,val,-2.927678,-2.5071931904733087,-2.895716827935885,-2.965884125727196,-2.89771078082772
princta02,Taurean Prince,test,-3.771385,-2.858762650611329,-2.798636002002055,-2.822011418048335,-2.800578081712412
pritcpa01,Payton Pritchard,val,-2.930931,-2.010865025945228,-2.841616444450365,-2.8181710412105248,-2.844382453522575
proctty01,Tyrese Proctor,test,-4.265267,-3.4487736526565307,-3.6972493847781744,-3.6755767898992913,-3.6974918157923384
queentr01,Trevelin Queen,val,-4.238077,-3.8493269813041935,-4.322829161921063,-4.304631897102837,-4.320021817731886
quetane01,Neemias Queta,val,-4.166121,-3.299948208782388,-4.112758633968346,-4.146079376104194,-4.112498909703186
quetane01,Neemias Queta,test,-4.073147,-2.8943290734915146,-3.4574881706444187,-3.5163641794944622,-3.4562715601034566
quetane01,Neemias Queta,test,-2.592708,-1.7944533266793872,-1.933737011029446,-1.9664909437350626,-1.933120271497894
quickim01,Immanuel Quickley,test,-1.390486,-2.0850757259782715,-1.9005978484164638,-1.839718959332732,-1.89256637123782
rabbiv01,Ivan Rabb,train,-4.320956,-3.871965729826205,-3.9135379055764696,-3.910383372441405,-3.913244691502274
randlch01,Chasson Randle,train,-4.5665,-3.652837655564156,-3.9960491327879906,-3.930328745504367,-3.9975974500178575
randlch01,Chasson Randle,train,-4.91077,-4.105791701131903,-4.237003303201651,-4.179497360429465,-4.238385367652382
randlju01,Julius Randle,train,-3.024118,-3.7673827242763047,-3.885924672086528,-3.9356732927395566,-3.886180139727049
randlju01,Julius Randle,train,-2.44327,-3.126903949182309,-2.4518020023398712,-2.4847067987803286,-2.452974891979002
randlju01,Julius Randle,train,-1.662498,-2.7212848138914363,-1.9830239539757146,-1.975646866077156,-1.9849880129076567
randlju01,Julius Randle,train,-1.440847,-1.4884023689566268,-1.1230372428640174,-1.1617934063123263,-1.1255334451141081
randlju01,Julius Randle,test,-1.534587,-2.3402607849392667,-1.900810957447158,-1.892326472986713,-1.9026750717108096
randoza01,Zach Randolph,train,-1.94591,-2.0132864311399508,-1.7744178154265202,-1.8490485438096493,-1.7755721360993815
randoza01,Zach Randolph,train,-2.111152,-2.3648558912779705,-2.36816347988226,-2.4119374699459293,-2.3683621145625167
raynama01,Maxime Raynaud,test,-4.356418,-3.8464554711992864,-3.9057508739738998,-3.898073058970276,-3.905414492811193
reaveau01,Austin Reaves,train,-4.503053,-4.3598446973038305,-4.234729612561869,-4.230108953701663,-4.234590396717546
reaveau01,Austin Reaves,val,-2.313273,-2.718788010520595,-2.5326293771422996,-2.5373015329452207,-2.5266521842333263
reaveau01,Austin Reaves,test,-1.303692,-2.5947793451058514,-1.9365352031701408,-1.8939008863894378,-1.9240081572450558
reddica01,Cam Reddish,val,-4.0734,-3.2769174863896042,-3.323204707556079,-3.330093841859101,-3.3262380833245064
redicjj01,JJ Redick,train,-2.108634,-2.664388352526928,-2.2379501186334254,-2.1986066076335975,-2.2297660889012154
reedda01,Davon Reed,train,-4.264958,-3.4309164716176874,-3.6959448616021064,-3.6669595704695013,-3.6962649879808938
reedda01,Davon Reed,val,-4.131877,-3.4303323914138213,-3.7395523363339067,-3.7526268051200313,-3.7371836780021956
reedpa01,Paul Reed,val,-2.851871,-2.705404137945934,-3.0464706797510273,-3.0485026846229535,-3.0456996528852742
reedpa01,Paul Reed,test,-3.341866,-3.426931023596899,-3.5682451342213772,-3.5700448345302505,-3.5670368782815465
reedwi02,Willie Reed,train,-4.496025,-3.669551475698827,-3.9062663465879206,-3.934694590438982,-3.9061913622212185
reevean01,Antonio Reeves,test,-4.358047,-3.884720859139665,-3.924852185077856,-3.91653852917697,-3.9248547474960374
reidna01,Naz Reid,val,-2.306776,-2.334840745787827,-2.539906875681668,-2.5774347186045814,-2.541293278928603
reidna01,Naz Reid,test,-1.822269,-1.999180600758844,-1.9513669362997894,-1.9318323910920852,-1.952934877071951
richajo01,Josh Richardson,train,-4.471639,-3.6229591726654538,-3.816159876808431,-3.812806057510916,-3.816660778927146
richajo01,Josh Richardson,train,-2.272312,-1.8262717077745192,-2.23940055530651,-2.2843762900791162,-2.236197263683461
richajo01,Josh Richardson,val,-3.824247,-2.9597405936332883,-2.9261148848647327,-2.930316833343925,-2.921526891569203
richani01,Nick Richards,train,-4.332629,-4.017248403181187,-4.012263594248916,-3.975752825146731,-4.0120452872117465
richani01,Nick Richards,val,-3.336396,-2.587843196012191,-2.827385735719777,-2.836539897507703,-2.8278927954173096
richawi02,Will Richard,test,-4.265798,-3.4309164716176874,-3.683857867670874,-3.6669595704695013,-3.684139039134047
riverau01,Austin Rivers,train,-3.06984,-3.2550928347396493,-3.2515987730252407,-3.2876734793764326,-3.2494411905032945
riverau01,Austin Rivers,train,-2.073894,-2.716467001326094,-2.899986855448365,-2.913995550922906,-2.8969590107516168
riverau01,Austin Rivers,train,-3.872852,-3.045412381479097,-2.9512864928908615,-2.9525886445123133,-2.9489349359349495
riverau01,Austin Rivers,train,-3.491162,-2.8063344683989717,-2.9068417163360563,-2.8807604255203008,-2.903174265681935
roberan03,Andre Roberson,train,-2.293474,-2.973976978029152,-2.673768282830629,-2.676670776653566,-2.67470432530497
roberbr01,Brian Roberts,train,-3.116334,-3.7781110066803056,-3.393065105768726,-3.3766434907713045,-3.396052262940444
robindu01,Duncan Robinson,train,-1.831817,-2.1648560219308886,-2.157440059504096,-2.1327656970851034,-2.1611157757189967
robindu01,Duncan Robinson,test,-2.333095,-2.421167244030994,-2.550974635529688,-2.533981534878418,-2.5538289840846717
robingl02,Glenn Robinson III,train,-4.183957,-3.2207882381158104,-3.9147255065990296,-3.8622867358814457,-3.9148073922371887
robinje02,Jeremiah Robinson-Earl,train,-4.042887,-3.268998147051164,-3.610217221847769,-3.6001157865799334,-3.610452975823992
robinmi01,Mitchell Robinson,train,-4.174737,-3.7219521926189105,-3.850253214438439,-3.8492844015050314,-3.8501529053086503
robinmi01,Mitchell Robinson,val,-2.109445,-2.4955126738344866,-2.1947772835766397,-2.1983798042844636,-2.1931869924529037
robinmi01,Mitchell Robinson,test,-2.376445,-2.6057795680189986,-2.75864412978361,-2.819981966015611,-2.7553380403550367
robinor01,Orlando Robinson,val,-4.239865,-3.811061593363815,-3.982924659185332,-4.0032920363995395,-3.9821908656104608
robinth01,Thomas Robinson,train,-4.233607,-3.4896435786784803,-3.5341441277974908,-3.5553612727303388,-3.5334031903187655
robyis01,Isaiah Roby,train,-4.222628,-3.730455612161217,-3.845913113024351,-3.8533878393287413,-3.8460087689353943
roddyda01,David Roddy,val,-3.63961,-3.1232363196150223,-3.526631989105846,-3.5410685345554147,-3.5271001981734704
rolliry01,Ryan Rollins,val,-4.35586,-3.9059794079954306,-3.9417709421760767,-3.926797123736244,-3.9419079769470367
rolliry01,Ryan Rollins,test,-3.654851,-3.0851590245018796,-3.423708153475663,-3.407635340386035,-3.425284751537704
rondora01,Rajon Rondo,train,-1.927419,-2.8054038570262843,-2.5076103839057615,-2.54091620749151,-2.5092564209009223
rondora01,Rajon Rondo,train,-3.740974,-2.5483884934888583,-2.784476492962251,-2.7929230166955406,-2.7861496396607435
rondora01,Rajon Rondo,train,-2.677728,-2.762264625976479,-3.1679357750758497,-3.1539919829545715,-3.1693185398528243
rosede01,Derrick Rose,train,-2.677728,-2.702725230095863,-2.684722551827066,-2.7187400410047804,-2.688953763244432
rosede01,Derrick Rose,train,-2.046661,-2.078427608836499,-2.4474332675998336,-2.4745107987108006,-2.450612553698602
rosede01,Derrick Rose,val,-3.726491,-2.4930447768353106,-3.479662272236469,-3.4603499576371637,-3.481533055147637
rosste01,Terrence Ross,train,-2.19344,-2.6210065322271854,-2.5504658921251733,-2.547617064294239,-2.553839124661703
rosste01,Terrence Ross,train,-2.089942,-2.2674089367409023,-2.2082129947499585,-2.2124457731553386,-2.2007648729633966
roziete01,Terry Rozier,train,-3.625234,-4.084416637775506,-4.052161827259344,-4.066078110259724,-4.052579234755171
roziete01,Terry Rozier,train,-1.75347,-2.9909838171137646,-2.7787087425777193,-2.755907818302536,-2.7804670761437382
roziete01,Terry Rozier,train,-1.636737,-1.7581013721789553,-1.6565737868244483,-1.6543079050067866,-1.6473080120637107
rubiori01,Ricky Rubio,train,-1.627456,-2.015116735716381,-1.9723797095583693,-2.0022526251346013,-1.9744507756525083
rubiori01,Ricky Rubio,train,-1.859418,-2.6482966657305305,-2.4050792258426,-2.373417300015768,-2.407554943665434
rubiori01,Ricky Rubio,val,-3.001586,-2.3912813021931045,-2.6204287902006196,-2.601920962675455,-2.6228402059893905
rudezda01,Damjan Rudež,train,-4.026383,-4.466490794845363,-4.27530545861838,-4.270280391737117,-4.2746858939786865
ruperra01,Rayan Rupert,val,-4.35701,-3.7517141610169826,-3.874612804779474,-3.8636464338880154,-3.874825284516618
rushbr01,Brandon Rush,train,-3.961844,-3.1140773302402933,-3.735845807723621,-3.723055816293983,-3.7361053068630565
russeda01,D'Angelo Russell,train,-2.599837,-3.8158522156674506,-3.937639276105399,-3.959062888334702,-3.9384350114673534
russeda01,D'Angelo Russell,train,-1.316752,-1.8295489336631265,-1.6599876288716109,-1.7004730211068897,-1.6645119170464255
russeda01,D'Angelo Russell,val,-2.022438,-2.832686289190221,-2.3626977286664275,-2.3895169467208954,-2.3670288425015578
russeda01,D'Angelo Russell,test,-3.278986,-2.794349411621286,-2.7144159554340312,-2.698790093355753,-2.7174970804780276
sabondo01,Domantas Sabonis,train,-1.73512,-1.9725996380048494,-1.8618722643184125,-1.9155471966479118,-1.8615769249634115
sampsja02,JaKarr Sampson,train,-4.39691,-4.025441536636845,-4.044401183615464,-4.026856589765213,-4.04412959074397
sampsja02,JaKarr Sampson,train,-5.022851,-3.9097882087675977,-3.8266464084457406,-3.769075059367721,-3.828528906787871
sandeko01,Kobe Sanders,test,-4.099718,-2.780589321861523,-3.005508220034641,-2.989584452665721,-3.002852557199689
santogu01,Gui Santos,val,-4.374368,-3.9352622223123426,-3.977598277155673,-3.947481356800035,-3.9776762216144883
santogu01,Gui Santos,test,-3.622328,-2.638863713266028,-2.837245927679298,-2.8129324629645995,-2.8393494836259605
saricda01,Dario Šarić,train,-3.681925,-3.9216479712547523,-3.976950738071266,-3.998823982587785,-3.977152067134539
saricda01,Dario Šarić,train,-2.495407,-2.9947563728037583,-2.654235401477017,-2.6184711142783885,-2.6550588101521067
saricda01,Dario Šarić,test,-3.279071,-2.9384820447775226,-3.124086821999306,-3.1803289261188525,-3.1244126154122656
satorto01,Tomáš Satoranský,train,-2.390046,-3.0596487658749605,-2.723586679935338,-2.6983081397986686,-2.725562237355425
schofad01,Admiral Schofield,train,-4.356159,-3.72110185066468,-3.8517433638167677,-3.8488740577226603,-3.8520384281642954
schrode01,Dennis Schröder,train,-1.733858,-2.0278718650298404,-2.4026138589123085,-2.412073820672459,-2.4062308990354397
schrode01,Dennis Schröder,val,-2.370027,-2.9426622649201195,-2.726575884462807,-2.710549996138207,-2.730425298872971
schrode01,Dennis Schröder,test,-2.345842,-1.8784482278859198,-2.0944123427287185,-2.0825636706151283,-2.0981050933905303
scottmi01,Mike Scott,train,-2.940193,-3.1223613209565424,-3.0318839550409553,-3.0313459853329676,-3.033794362803854
scottmi01,Mike Scott,train,-3.103396,-3.1469564272952457,-3.248181662468121,-3.249139312256768,-3.249314506405086
sefolth01,Thabo Sefolosha,train,-2.757872,-2.187121701099929,-2.4187591082660953,-2.4179937953103052,-2.4151084121925996
seldewa01,Wayne Selden,train,-4.952734,-3.932818931160381,-4.1623496528670385,-4.101188133243884,-4.161274814602617
seldewa01,Wayne Selden,train,-4.238384,-3.8992844070723156,-4.122036753080209,-4.078452181268238,-4.120790338265126
sessira01,Ramon Sessions,train,-3.390394,-3.139587588867212,-2.6855603000343695,-2.6741414316577274,-2.688967681455331
sextoco01,Collin Sexton,val,-1.941814,-2.0981133557711824,-2.459290530501584,-2.4107159586251203,-2.4525070443612655
sextoco01,Collin Sexton,test,-2.874692,-3.101250711298277,-2.7486498263918557,-2.726403300218898,-2.741006229459726
shamela01,Landry Shamet,test,-3.345529,-2.1953426201627835,-2.7351657107215153,-2.7316015440663373,-2.731380969747631
sharpda01,Day'Ron Sharpe,test,-3.208564,-3.11414881986885,-3.1615992291486137,-3.1974763482231054,-3.1609086113942975
sharpda01,Day'Ron Sharpe,test,-2.83387,-3.2944904282684053,-3.1233150878242375,-3.1267475381434453,-3.122253628233067
sheadja01,Jamal Shead,test,-4.233879,-3.7559658707881356,-3.8797104881353666,-3.8656981527998706,-3.8802668416199015
shumpim01,Iman Shumpert,train,-1.94591,-2.386315550430262,-2.633081370972059,-2.643145785215868,-2.6293375984987883
siakapa01,Pascal Siakam,train,-1.159675,-1.9683479282336962,-1.6253133409178995,-1.6552938025539259,-1.6275438220322065
siakapa01,Pascal Siakam,test,-1.090646,-2.148573812680099,-1.491380529715924,-1.4486881641192013,-1.4940961595662476
simmobe01,Ben Simmons,train,-1.12479,-1.6053173802829117,-1.258153845127875,-1.3004889745310264,-1.2592492083188782
simmojo02,Jonathon Simmons,train,-4.60517,-4.494552079334974,-4.298054458601119,-4.283821736555359,-4.297689378148611
simonan01,Anfernee Simons,val,-1.59862,-2.5295263520037117,-2.502603713012,-2.4676487594874708,-2.4955672613637714
simonan01,Anfernee Simons,test,-3.320003,-3.0927472917559706,-2.9011758363986346,-2.8791857626954482,-2.8946145957561265
simsje01,Jericho Sims,val,-4.182684,-2.9309652671519886,-3.462398441073463,-3.5027560769191366,-3.4621600990054637
simsje01,Jericho Sims,test,-4.074161,-3.2599106473049915,-3.600897352514348,-3.606100466565461,-3.6004842121761578
singlky01,Kyle Singler,train,-2.690351,-2.5913885651310626,-2.668193359308422,-2.6484882947670636,-2.6702713348467584
smartma01,Marcus Smart,train,-2.933714,-3.9258996810259057,-3.969655368221596,-4.0008757014996394,-3.9701050126743542
smartma01,Marcus Smart,train,-2.058738,-2.379512814796417,-2.458578645200661,-2.4680632966929297,-2.454183984593374
smartma01,Marcus Smart,train,-1.86663,-1.5139126275835457,-1.8450251526076018,-1.8691636863345136,-1.8487269772034933
smartma01,Marcus Smart,test,-3.381014,-2.68571839101125,-3.181784838671601,-3.1962181310254763,-3.1840310182763467
smartma01,Marcus Smart,test,-3.30949,-2.7330533012881237,-2.913270831023263,-2.9407111857222255,-2.9092214267851726
smithdr01,Dru Smith,test,-4.072895,-3.2139749146398313,-3.6650494643857945,-3.6696783860401845,-3.6611740915911146
smithis01,Ish Smith,train,-2.753055,-2.980769125820863,-2.8934964628553757,-2.8438131116779806,-2.897039524290617
smithis01,Ish Smith,train,-3.192877,-3.0053642321595673,-3.389142548504211,-3.36985349288433,-3.3904947973345374
smithja04,Jalen Smith,val,-3.199428,-3.008062145826934,-3.135886698355821,-3.1559563554798364,-3.136380554361395
smithja04,Jalen Smith,test,-2.748609,-2.969725268257999,-2.921124528147236,-2.9351899117362636,-2.9210100787242856
smithjr01,J.R. Smith,train,-1.888058,-1.8228935003814775,-1.9928362704327558,-1.9967906817749812,-1.9871339506542351
smithni01,Nick Smith Jr.,val,-3.761446,-3.1827602564111666,-3.5859078673474976,-3.569792599321383,-3.5867575918531402
snellto01,Tony Snell,train,-2.153712,-2.3854652084760315,-2.442811399829597,-2.4454195751445336,-2.439789911700892
speigma01,Marreese Speights,train,-4.18714,-2.912971786150604,-3.158229324248104,-3.1683631356973843,-3.1590132466085845
spencca01,Cam Spencer,test,-4.085634,-2.782290005769984,-3.5304205490950205,-3.5385293082512055,-3.528382277034046
stausni01,Nik Stauskas,train,-3.110981,-4.071661508462047,-4.040847547757957,-4.059922953524159,-4.040969178761407
stephla01,Lance Stephenson,train,-1.946941,-3.3625892742354124,-2.4750280161655294,-2.4805043161756988,-2.466813244894677
stephla01,Lance Stephenson,train,-3.187514,-3.2721151329087346,-3.6546685090828257,-3.6202537722253023,-3.6520447725118235
strusma01,Max Strus,train,-4.185695,-3.742396644602619,-3.9641628487719176,-3.945538185080477,-3.9658927468519654
strusma01,Max Strus,val,-2.167142,-2.6651449777755087,-2.5564096435735753,-2.5110895877130748,-2.5597071082842318
sumneed01,Edmond Sumner,train,-3.960264,-3.567946528096255,-4.112334740113152,-4.069271038186625,-4.113931057400081
sumneed01,Edmond Sumner,val,-4.07318,-3.4439378626815116,-3.623361171647564,-3.501696414924737,-3.6241176497496164
tateja01,Jae'Sean Tate,train,-4.300589,-4.365317936902286,-4.25382380873761,-4.239303560859066,-4.253884702468224
tateja01,Jae'Sean Tate,val,-2.82053,-3.143680771598731,-2.767776010076003,-2.769983125781083,-2.7698371923600233
tatumja01,Jayson Tatum,train,-1.237876,-1.7116970732747694,-1.2564871518703233,-1.2451466063704206,-1.2598380579120292
tatumja01,Jayson Tatum,test,-0.90119,-1.2024686996807876,-0.6099383526077884,-0.5806884564018437,-0.6132336407977852
taylois01,Isaiah Taylor,train,-4.866399,-4.5158106281907395,-4.31527927497367,-4.294080331114634,-4.315105270316232
taylois01,Isaiah Taylor,train,-4.596059,-3.6655927848776155,-4.294380711755709,-4.1926807955268135,-4.29626305898973
taylois01,Isaiah Taylor,train,-4.207401,-3.9520056082346144,-4.432695608152925,-4.366221363187311,-4.434411088460497
taylois01,Isaiah Taylor,train,-4.167903,-3.7806620325429976,-3.8116468857719816,-3.68929351135725,-3.812401008329754
taylote01,Terry Taylor,val,-4.166121,-3.8153133031349684,-4.135755136954723,-4.088864739102118,-4.136647756209788
teaguje01,Jeff Teague,train,-1.65162,-2.511038257836695,-1.9345788377189188,-1.9117848219362843,-1.9374275261229033
teletmi01,Mirza Teletović,train,-2.19344,-3.095139790579028,-2.8837453545968432,-2.8692561026856884,-2.8856479108771906
templga01,Garrett Temple,train,-4.104945,-3.189039813627568,-3.7178256644663232,-3.7085255806249062,-3.7180522524349238
templga01,Garrett Temple,train,-2.465373,-2.6977488904908866,-2.933596157497186,-2.900895818614492,-2.936347456906136
templga01,Garrett Temple,train,-3.081898,-2.0954869317323723,-2.6445123497319725,-2.5971066460900607,-2.641728768705329
teodomi01,Miloš Teodosić,train,-2.779607,-4.3606950392580615,-4.235381878103852,-4.230519297484034,-4.235243512878256
theisda01,Daniel Theis,train,-4.505304,-4.452034981623442,-4.264829062953339,-4.26330454743681,-4.2643082446798575
theisda01,Daniel Theis,train,-3.083194,-3.7168863859757004,-3.548102492011998,-3.5691596682760705,-3.547825541856329
theisda01,Daniel Theis,train,-2.524964,-2.1997183033737544,-2.256865823816064,-2.2145680070057985,-2.2576775228834105
thomais02,Isaiah Thomas,train,-2.234623,-2.1880368533881445,-1.6183744368728197,-1.5896780314089636,-1.6231536562697912
thomala01,Lance Thomas,train,-2.616923,-2.5582146410739344,-3.0253285108315557,-2.9867651411573477,-3.0282092156351252
thomama02,Matt Thomas,train,-4.356159,-4.045849743538381,-4.061279793720361,-4.036704840542116,-4.061255029467503
thompkl01,Klay Thompson,train,-1.400683,-1.9896064770894621,-1.6319208350653869,-1.6626934999197178,-1.6241552971140356
thompkl01,Klay Thompson,train,-1.055572,-1.7168783159681182,-1.4091410856780446,-1.381211439820866,-1.3988465837608486
thompkl01,Klay Thompson,test,-2.132423,-1.7545110520997333,-1.8804047217214017,-1.9150980476999535,-1.8847168397900047
thomptr01,Tristan Thompson,train,-1.451214,-2.030653840907511,-1.902714209239578,-1.8887066667634096,-1.9024240347593238
thomptr01,Tristan Thompson,train,-2.442393,-3.1276982605924557,-2.758565654181341,-2.768371778166775,-2.7581375444390015
thorjt01,JT Thor,train,-4.215371,-3.300460799357697,-3.634351046901118,-3.6152985065276595,-3.6346182737702684
thornsi01,Sindarius Thornwell,train,-4.35967,-3.876217439597358,-3.9186355889323625,-3.91243509135326,-3.918686248605558
thybuma01,Matisse Thybulle,val,-2.512493,-2.4078565997654797,-2.7568286820748615,-2.7488064008323554,-2.755030801491457
tillmxa01,Xavier Tillman Sr.,train,-4.202519,-3.431287659490758,-3.7099012274286314,-3.673692114932679,-3.710189945900822
tillmxa01,Xavier Tillman Sr.,test,-4.07454,-3.4828408430446354,-3.3871656318760337,-3.386111516478999,-3.3872541416388247
tollian01,Anthony Tolliver,train,-3.045554,-3.378450944363619,-3.387668617648305,-3.39615904275517,-3.3886622444292036
tollian01,Anthony Tolliver,train,-2.465373,-3.207107368672002,-3.258564582198452,-3.2496117885611198,-3.258959274248653
toppiob01,Obi Toppin,test,-2.271685,-2.512519512919099,-2.4650091922390076,-2.4561511665081226,-2.46640897052934
townska01,Karl-Anthony Towns,train,-2.485478,-4.03509680443013,-4.023662886286625,-4.0422781708822075,-4.023560481831227
townska01,Karl-Anthony Towns,train,-1.237893,-1.512842856803258,-0.6252364150166012,-0.6144462559030419,-0.6250932534096894
townska01,Karl-Anthony Towns,val,-0.903478,-1.62310975098777,-1.0819655905966181,-1.1357263282863173,-1.083540295004884
trentga02,Gary Trent Jr.,train,-4.361323,-3.6195578048485313,-3.8008517021606085,-3.811164682381432,-3.8011970400042143
trentga02,Gary Trent Jr.,train,-1.872639,-2.7987374213549803,-2.661052968869358,-2.6534108986272473,-2.6551976778349777
trentga02,Gary Trent Jr.,test,-2.363867,-2.1834378328035546,-2.738601895844216,-2.684525139940013,-2.736794664036234
tuckepj01,P.J. Tucker,train,-2.439418,-2.202507763879799,-2.330457019516942,-2.4250610260464507,-2.331589553194676
tuckepj01,P.J. Tucker,train,-2.519747,-1.4925383547746272,-2.07296645858959,-2.1416993087683647,-2.0739367621556246
tuckepj01,P.J. Tucker,train,-2.751586,-2.055759294526886,-2.7922286992504777,-2.8716691327265593,-2.7938092793766804
tuckepj01,P.J. Tucker,val,-2.4196,-1.6501401592360128,-2.2715712004224695,-2.373110443580396,-2.272528335644026
turneev01,Evan Turner,train,-2.935206,-3.4184276040545925,-2.776037885834767,-2.785979054904714,-2.778965959311889
turneev01,Evan Turner,train,-1.682614,-2.341175937227482,-2.2767569659932896,-2.3026788064975743,-2.271022284489637
turnemy01,Myles Turner,train,-3.368868,-4.033396120521669,-4.02266441447699,-4.0414574833174655,-4.022616912226429
turnemy01,Myles Turner,train,-1.696899,-1.9640962184625432,-1.866800310367164,-1.9046151304134158,-1.8685156883257328
turnemy01,Myles Turner,test,-1.737377,-1.9729785272173288,-1.8294669322141788,-1.838634777162029,-1.8312318639754996
tysonhu01,Hunter Tyson,val,-4.265706,-3.4232633940296116,-3.6764571814213816,-3.6632664764281624,-3.6764476801045443
udohek01,Ekpe Udoh,train,-3.417404,-3.140153691661401,-3.524444949116652,-3.466488437392146,-3.524798839604813
udrihbe01,Beno Udrih,train,-3.390394,-2.9171520062932004,-3.4486354885020867,-3.4733141472262488,-3.446651756308829
ulisty01,Tyler Ulis,train,-4.544815,-3.4700322015122964,-3.728091491453608,-3.685835384458566,-3.7288469703899167
valanjo01,Jonas Valančiūnas,train,-1.984581,-2.6701928070090415,-2.3135404691144204,-2.3139796302493867,-2.3130142919362804
valanjo01,Jonas Valančiūnas,train,-2.104789,-2.3432184532097255,-1.8975094683455536,-1.9628382464710452,-1.8959626947010806
valanjo01,Jonas Valančiūnas,test,-2.633298,-1.801917452005163,-1.7350638266235063,-1.7454287130869102,-1.7339594988021592
valende01,Denzel Valentine,train,-3.997058,-3.332755816208784,-3.496382091357411,-3.501658591693201,-3.493439750806732
vandeja01,Jarred Vanderbilt,train,-4.361323,-3.877067781551589,-3.930762729856917,-3.912845435135631,-3.9307399881798704
vandeja01,Jarred Vanderbilt,train,-3.246663,-3.1419191859038467,-3.2270849947463387,-3.219901894895762,-3.226438839023019
vandeja01,Jarred Vanderbilt,val,-2.460927,-1.9090367409690372,-2.064544773287823,-2.0483152708679233,-2.0643082963118737
vanvlfr01,Fred VanVleet,train,-4.866399,-3.9608246029357845,-4.049280786244676,-4.0714326678348,-4.049937474821856
vanvlfr01,Fred VanVleet,train,-2.426463,-3.225676007288042,-3.1411100625520927,-3.194071737344216,-3.1432682629004525
vanvlfr01,Fred VanVleet,train,-1.636275,-2.3149655626716794,-2.0756200113249417,-2.0454151284820403,-2.067314840661461
vanvlfr01,Fred VanVleet,val,-1.155493,-2.4773697206139347,-1.9735892331476903,-1.9510903028110027,-1.9779344336066391
vanvlfr01,Fred VanVleet,test,-1.822269,-3.024993586735428,-2.446155838594705,-2.409006523757718,-2.4489906764624907
varejan01,Anderson Varejão,train,-1.94591,-1.7977898841623252,-2.131848307744714,-2.201226926790361,-2.1304501252775445
vassede01,Devin Vassell,val,-1.649997,-1.5536592706063281,-1.9241753156252797,-1.923714150895893,-1.9161042156191874
vaughra01,Rashad Vaughn,train,-3.677516,-3.934403100568212,-3.9752598458184294,-4.00497913932335,-3.975548186131589
vezenal01,Sasha Vezenkov,val,-3.01719,-3.867714020055052,-3.910888696415218,-3.9083316535295505,-3.9107044361319674
vincega01,Gabe Vincent,train,-4.168303,-3.840823561761887,-4.00054399641051,-3.9452657648934584,-4.002796841902344
vincega01,Gabe Vincent,val,-2.514914,-3.2165259405025233,-3.1022802576462536,-3.0525919454363795,-3.1055780691950465
vonleno01,Noah Vonleh,train,-3.196377,-4.027443726842055,-4.005705502477551,-4.038585076840868,-4.005556487537989
vucevni01,Nikola Vučević,train,-1.664498,-1.9555927989202369,-1.840318642626447,-1.8872365618493823,-1.840258721919596
vucevni01,Nikola Vučević,train,-1.473756,-2.1358186833666397,-1.5041152376557352,-1.5503982916930426,-1.5032687474032889
wadede01,Dean Wade,val,-3.093651,-2.58413154210862,-3.0744411974015367,-3.0850397734265123,-3.0757690219150406
wadede01,Dean Wade,test,-2.86691,-2.3970751688330845,-2.804931795179302,-2.777097579817472,-2.805279285054962
wadedw01,Dwyane Wade,train,-1.399302,-2.68571839101125,-2.1090372992068813,-2.1247974308730058,-2.098396312912697
wadedw01,Dwyane Wade,train,-1.387814,-2.5143748153196332,-2.1761406984397675,-2.224099804195862,-2.166236463509275
wagnemo01,Moritz Wagner,train,-4.134402,-3.216827446799271,-3.468199611943188,-3.4807233112999505,-3.4694654946596573
wagnemo01,Moritz Wagner,val,-2.833368,-3.045483871107654,-3.0508722789806804,-3.067701886070903,-3.051844648449351
wagnemo01,Moritz Wagner,test,-2.547938,-3.0928187813845276,-2.8549856454446703,-2.86973543904438,-2.855444122177723
wagnemo01,Moritz Wagner,test,-2.914538,-3.054481903815592,-3.4693157512598343,-3.4397883709442265,-3.469531028000637
wainris01,Ish Wainright,train,-4.503053,-4.314776573729607,-4.200159538836802,-4.208360733236001,-4.199975240199906
waitedi01,Dion Waiters,train,-3.457938,-3.2896726157030636,-2.9459203113394827,-2.9751294316490786,-2.942169607756362
waitedi01,Dion Waiters,train,-2.031109,-2.4310994348444437,-2.4576131537571584,-2.462569134890325,-2.4505482482029106
walkeja01,Jabari Walker,val,-4.35586,-3.8575099166042843,-3.9160666816656517,-3.9034075281410985,-3.9160809792001587
walkeke02,Kemba Walker,train,-1.763589,-2.020218787441765,-1.7429498248132171,-1.7806795561723543,-1.7476291833429638
walkeke02,Kemba Walker,train,-1.131656,-1.7605282561133322,-1.0769899828740441,-1.021713001546893,-1.0819772479089853
walkeke02,Kemba Walker,train,-2.531094,-2.9350091873320436,-2.3994402411538753,-2.40035098070561,-2.4028633425785237
wallaty01,Tyrone Wallace,train,-4.241832,-3.339905862656065,-3.1835302018301395,-3.193297115760074,-3.1861261478266267
walljo01,John Wall,train,-1.313426,-1.41214915294134,-1.5573460939997843,-1.6298648798388515,-1.5615261857670695
walljo01,John Wall,train,-0.868318,-1.522416047125852,-1.0740370356697448,-1.098620881050552,-1.0786401732151916
walljo01,John Wall,val,-2.924383,-2.74155672083043,-3.329497429614541,-3.299699658084602,-3.3301207014477097
walshjo01,Jordan Walsh,val,-4.265706,-3.298760115449236,-3.6212655811602508,-3.614477818962918,-3.621548755318624
walshjo01,Jordan Walsh,test,-3.622328,-2.540987439816477,-2.87392810203617,-2.9025331030521246,-2.8746620016119553
warretj01,T.J. Warren,train,-3.453522,-4.0589063791485875,-4.03045144607956,-4.053767796788595,-4.0304471109175095
warretj01,T.J. Warren,train,-2.159834,-1.9896064770894621,-2.0525717675262625,-2.0675638251911326,-2.0558305557456573
washipj01,P.J. Washington,val,-2.171969,-2.9569701389445395,-2.4169793223689795,-2.4207511896122984,-2.4203843637703297
washipj01,P.J. Washington,test,-2.036814,-1.72408769400973,-1.9108060335431194,-1.9560646525781402,-1.9130542384711255
watanyu01,Yuta Watanabe,val,-3.996519,-3.3523745829425113,-3.5736326783530163,-3.5601100285223586,-3.574528441540222
watfotr01,Trendon Watford,test,-4.074161,-3.4193388477952458,-3.434433979209016,-3.4073453262785143,-3.436576041668641
watsocj01,C.J. Watson,train,-2.639057,-2.895097337975055,-2.8632244229224524,-2.8139835130913404,-2.865192706688506
weberbr01,Briante Weber,train,-5.001573,-3.6655927848776155,-3.857469889705777,-3.8101372561724434,-3.85863169058422
weberbr01,Briante Weber,train,-4.819202,-4.032875042599554,-4.35664632244978,-4.2874874553607185,-4.357544369207007
wellsja01,Jaylen Wells,test,-4.265265,-3.4309164716176874,-3.695332743053446,-3.6669595704695013,-3.695539662547649
westbru01,Russell Westbrook,train,-1.18908,-2.2407731518201777,-1.2684391897075156,-1.2813377913911976,-1.2698714212124627
westbru01,Russell Westbrook,train,-0.901373,-0.6406084491634303,0.0006966084993873523,0.006546064036782706,-0.0017459728221553839
westbru01,Russell Westbrook,val,-3.54417,-2.2270313805899464,-2.239146052954517,-2.3110520116491378,-2.24166572843795
westbru01,Russell Westbrook,test,-3.72648,-2.27436629086682,-2.579171852153158,-2.6575215188702423,-2.5801709580017116
westda01,David West,train,-3.826501,-2.7075430426612046,-2.3122288937986193,-2.337496036143795,-2.3123342175090635
whiteco01,Coby White,val,-2.427903,-2.9867321073426116,-2.8197863515328674,-2.8068743777330547,-2.8154318000223477
whiteco01,Coby White,test,-1.931002,-2.7297167438051857,-2.5617199320665502,-2.5272401568525416,-2.55334780198702
whitede01,Derrick White,train,-1.859988,-2.1816579579271287,-2.3472076465427816,-2.3385693919340764,-2.3424725726555966
whitede01,Derrick White,test,-1.656331,-1.6724295843331467,-1.530753515254248,-1.5320186416340273,-1.5232097911875564
whiteha01,Hassan Whiteside,train,-4.277697,-3.4136967402022798,-3.711783136864978,-3.605790605335949,-3.712395462794409
whiteha01,Hassan Whiteside,train,-1.342068,-2.1699038511644213,-1.853881654761313,-1.9485114475088579,-1.852314456707275
whiteis01,Isaiah Whitehead,train,-4.407229,-3.424964077938073,-3.6916850620825596,-3.664087163992904,-3.6920558375725445
whiteok01,Okaro White,train,-4.866399,-4.486048659792668,-4.290919684632636,-4.279718298731649,-4.2904328911082645
whiteok01,Okaro White,train,-4.870496,-4.08878486204729,-4.191456697645057,-4.136300809949609,-4.19205213930346
wiggiaa01,Aaron Wiggins,test,-2.748609,-2.1707475138240797,-2.56532797518337,-2.5541481320096118,-2.561791687264198
wiggian01,Andrew Wiggins,train,-2.415169,-3.94545754597321,-3.983739297864201,-4.010313608494172,-3.9840386962208214
wiggian01,Andrew Wiggins,train,-1.237942,-1.423203598346338,-1.2226550256182116,-1.231849455309513,-1.2294514010351358
wiggian01,Andrew Wiggins,val,-1.607756,-1.4477987046850418,-1.5624155951206595,-1.6258443213470686,-1.5664427941932884
wiggian01,Andrew Wiggins,test,-2.403565,-2.1440263425599824,-2.093472125941873,-2.1547247978548447,-2.0963136443772
willial03,Alan Williams,train,-5.289255,-4.037764344793453,-4.389364866441113,-4.3693787454531785,-4.387919408233108
willial03,Alan Williams,train,-2.861458,-3.3325972891691493,-3.449349699065192,-3.4457089275905757,-3.4486569610255042
willide01,Deron Williams,train,-2.543747,-2.9214037160643533,-2.377301523948261,-2.3564684001551033,-2.379942444299605
willide02,Derrick Williams,train,-2.74464,-3.4014207649699797,-3.1602188779308893,-3.152181789185926,-3.1621267866512697
willigr01,Grant Williams,val,-2.322417,-2.0589976258765734,-2.1536712592341987,-2.1436885554383993,-2.1551219865128957
willija06,Jalen Williams,test,-1.268635,-1.5443055091097913,-1.2140353746864367,-1.217366372083199,-1.202371149799696
willija07,Jaylin Williams,val,-4.098437,-3.268998147051164,-3.610217221847769,-3.6001157865799334,-3.610452975823992
willija07,Jaylin Williams,test,-3.057014,-2.425553683572596,-2.8118039637630994,-2.890584208580339,-2.8108685907871642
willike04,Kenrich Williams,train,-4.492659,-4.348790251898833,-4.225638041967438,-4.22477448453084,-4.2253745611950695
willike04,Kenrich Williams,train,-3.999484,-2.8873124171192557,-3.2682829142797223,-3.2459207584713528,-3.2685544945923946
willike04,Kenrich Williams,val,-2.99699,-1.927805165748534,-2.6028111512601173,-2.6117684678612894,-2.6043603119518357
willilo02,Lou Williams,train,-2.302585,-2.4897082193523725,-2.371771230550841,-2.348536788721224,-2.3643812118200005
willima01,Mo Williams,train,-3.485356,-2.6187541261585157,-2.640704811206972,-2.684682139892261,-2.6448989770782916
willima02,Marvin Williams,train,-2.198256,-2.8426061534809466,-2.7278654365473485,-2.771205255680471,-2.7286647278406586
willima02,Marvin Williams,train,-1.932909,-1.7653544866538364,-1.8070716457497245,-1.8502602525388268,-1.8078146798853951
willima07,Mark Williams,test,-2.597481,-2.948466719402233,-2.6047460542378227,-2.6266906259980067,-2.6035382740145963
willipa01,Patrick Williams,train,-2.61007,-3.323791219994995,-3.667754938007149,-3.6331103331148538,-3.6683533443291045
willipa01,Patrick Williams,test,-2.055462,-2.063817177122506,-2.470967052320588,-2.4513056326476415,-2.4736899283470803
williro04,Robert Williams,test,-2.557617,-1.9895416667554775,-2.591195782419635,-2.676671395405967,-2.589794374228868
willitr02,Troy Williams,train,-4.866399,-4.474994214387669,-4.282746291861194,-4.2743838295608265,-4.282305043735654
willitr02,Troy Williams,train,-4.149239,-3.3725633610179893,-3.661929765905001,-3.650895538461523,-3.663541245694324
willitr02,Troy Williams,train,-4.751521,-3.906386840950675,-4.075180921107728,-4.04408582469671,-4.075532468817511
willizi02,Ziaire Williams,test,-3.208564,-3.3151828743299823,-3.172482134145763,-3.18011590162456,-3.174309188793676
wilsodj01,D.J. Wilson,val,-3.995515,-3.323402054712247,-3.7571053585614504,-3.847180997366849,-3.7550025746189655
winslju01,Justise Winslow,train,-3.316331,-3.9241989971174442,-3.9801317717945333,-4.000055013934898,-3.9805620664831585
winslju01,Justise Winslow,train,-2.127682,-2.760807186193812,-2.761666809517771,-2.8345745360040646,-2.7630069009939993
wisemja01,James Wiseman,test,-4.07454,-3.4014207649699797,-3.396246079506741,-3.409753289511089,-3.396649893296923
wisemja01,James Wiseman,test,-3.995582,-3.315748977124171,-4.039453613914835,-4.033956759131863,-4.040220971957661
witheje01,Jeff Withey,train,-4.268698,-3.5812677602039034,-3.959205560877399,-3.9730482682984585,-3.958925820944841
witheje01,Jeff Withey,train,-4.074293,-3.409924184512286,-3.7031108059407276,-3.7382215051546592,-3.70205834426722
woodch01,Christian Wood,train,-4.471639,-3.892434838514163,-3.9944678625914114,-3.9739644944762587,-3.9944627904811725
woodch01,Christian Wood,train,-4.601385,-3.6959120762799764,-4.1836655253029935,-4.18735446796989,-4.183749126167093
woodch01,Christian Wood,train,-2.077672,-2.6268956857649073,-2.711321841861491,-2.7009255712291127,-2.7119277211525463
woodch01,Christian Wood,val,-3.856757,-3.096209561359316,-2.6950457371289898,-2.680749365603617,-2.6963919794518603
wrighbr03,Brandan Wright,train,-2.508029,-2.610031277790152,-2.64806262785321,-2.6585346513210113,-2.6477242040710145
wrighde01,Delon Wright,train,-3.813471,-4.08866834754666,-4.054504977146265,-4.068129829171578,-4.054756827408855
wrighde01,Delon Wright,train,-2.457255,-2.5553191111100824,-2.547813383636109,-2.5201782155816925,-2.5491761136373463
wrighde01,Delon Wright,val,-2.738054,-3.1911742089152386,-3.092778726705391,-3.082716584312041,-3.089696125008267
youngni01,Nick Young,train,-2.471753,-2.1310008708012975,-2.2032041781858744,-2.203001218804449,-2.195323649168244
youngth01,Thaddeus Young,train,-1.645806,-2.0325739536420295,-1.894736113447776,-1.8934927205374064,-1.896932994068457
youngth01,Thaddeus Young,train,-2.077672,-2.275847545949224,-1.9934825809037715,-2.0136176017440053,-1.9939387095404384
youngth01,Thaddeus Young,val,-2.738054,-2.471786227979545,-2.925211123767329,-2.994807666593008,-2.924281107837991
youngtr01,Trae Young,train,-1.055551,-1.451264882835949,-1.2116954852018134,-1.2218570087915053,-1.2176341415953118
youngtr01,Trae Young,test,-1.162397,-2.21745151097278,-2.4313299147570926,-2.426733595195936,-2.435021373608642
yurtsom01,Omer Yurtseven,train,-4.239762,-4.426524722996524,-4.244342918870877,-4.250994233965681,-4.243626771708685
yurtsom01,Omer Yurtseven,val,-3.908508,-3.6913761273487813,-4.132350185210518,-4.142073256368823,-4.13195970715412
zelleco01,Cody Zeller,train,-1.957001,-1.9725996380048494,-2.099343404184274,-2.1365122140320363,-2.099808291042993
zelleco01,Cody Zeller,test,-3.643827,-1.9088477887067374,-3.134410119239803,-3.1409916118512426,-3.133769555115051
zellety01,Tyler Zeller,train,-2.34759,-3.390366319564982,-3.3606254388799988,-3.353347213082205,-3.360927675803086
zellety01,Tyler Zeller,train,-3.997222,-3.304694531719173,-3.5232862209166504,-3.5223314448183456,-3.523205766282934
zipsepa01,Paul Zipser,train,-4.596108,-3.4139096325330747,-3.681981372939468,-3.6587526948220814,-3.6821146766168233
zubaciv01,Ivica Zubac,train,-4.480276,-3.7219521926189105,-3.850253214438439,-3.8492844015050314,-3.8501529053086503
zubaciv01,Ivica Zubac,train,-2.746721,-2.9011318091253595,-2.9955294197322506,-3.025622668183276,-2.995474702175382
zubaciv01,Ivica Zubac,val,-2.520993,-2.16853832003517,-2.0359556642263805,-2.0216771673215055,-2.0355606753137647
zubaciv01,Ivica Zubac,test,-2.069023,-1.9971947443435532,-1.9098536428428476,-1.9202044339953561,-1.9094002465073339
